route_id,blur,edge,window,matcher,mean_error,errors,seconds,abs_index_diff
1,True,,20,mae,52.978790277000485,"[1.646748531352955, 0.13945838072956462, 0.20248778840601744, 0.6903043388866195, 2.2138996953060825, 1.1862827575825747, 1.0584519123569578, 1.5005061482019357, 2.1613462399442938, 1.4206408373042336, 0.6495722901956924, 3.9356640924833357, 1.4036252727796352, 0.18742314824578443, 56.86725619241541, 20.867256192415425, 110.3207461728166, 69.598650645984, 76.91504455312584, 138.50951384041164, 178.46889972065333, 154.1778191943525, 151.68607825450945, 139.4113525853865, 37.1236678978118, 54.45161600833757, 71.20370808934254, 83.24588512063836, 110.25990160722978, 37.008099372806356, 99.4652398814153, 115.28456502557015, 126.4911223258317, 63.274838979031784, 56.35397744787447, 38.029913551996856, 2.673350169349135, 58.286130230590544, 58.86999169667945, 17.573428697695448, 68.9574087688421, 94.53604869034842, 96.0524417105787, 173.40950593106243, 128.3672652624739, 25.935584103123063, 2.7268596686190847, 0.3229946201385303, 53.93642361053611, 3.2506689626049763, 10.56621846465083, 1.3869787760436907, 3.6130212239563093]",25.33780449400365,"[  0   0   4   0   1   1   1   1   2   1   1   4   1   1  14  14  27  39
  44  55  66  78  88  96 102 106 111 114 102  89  89  76  70  68  53  44
  46  44  46  46  47  48  50  39  26  11   1   0   4   0   1   1   0]"
2,True,,20,mae,20.538062304485784,"[13.125139347807618, 1.1251393478076182, 3.353513673911408, 167.5333136194878, 66.04194917181667, 46.35719349884832, 16.272115613189584, 4.3699889837825765, 122.63285253673104, 177.01437890002794, 0.15203644141536188, 1.9567363767203858, 0.2895588326026939, 11.724546958297935, 8.218792754962294, 3.6305485865154026, 2.515177739124681, 3.187330531927529, 23.746873402159423, 30.555306239697103, 76.24484884772767, 4.502459823288461, 3.433060819618504, 80.27196847917013, 25.791995563868454, 6.804083138560742, 0.7925726410899756, 0.9524556482724051, 2.8180990539304105, 2.080081038475612, 0.395909836484293, 3.255942917920038, 0.4400387652233917, 2.079503955520636, 0.754260879348692, 1.8943055872005345, 0.4362578779027615, 0.4118599132283691, 0.650277733539582, 0.3074842793367054, 0.5490273807464519, 0.17982143628327663, 0.04181252386860024, 1.6610915022105814, 3.6610915022105814]",12.36483663400577,"[0 0 0 4 5 3 2 1 7 5 3 1 0 4 2 2 1 1 7 0 5 2 0 7 7 1 0 0 1 1 0 2 0 1 0 1 0
 0 0 1 0 0 0 0 0]"
3,True,,20,mae,44.60621648061724,"[2.4135693639781266, 27.072003893982384, 0.7022267515652914, 0.16116359312795225, 0.07029465335912732, 0.06680784710613352, 0.7535796860474306, 0.14893814508064906, 0.08793476880052253, 0.006465489216338938, 0.32355776889730237, 0.9925821681234197, 0.6498091412605902, 1.0382686877136962, 0.5681666745969665, 0.13691509930819734, 0.5627864824833182, 0.28326668988995607, 13.261344814671475, 1.5266577894532816, 1.212566416469656, 0.29566963120723244, 0.2134768088133967, 1.0255279662944758, 0.7397185748605466, 2.282934727572041, 0.9390882512479664, 0.15684610607002014, 0.6296854611736649, 0.2157504529587584, 0.015367521272224849, 1.1805595565063243, 0.4411862679879448, 0.2589882581835923, 1.0815036084346161, 0.2590177044315283, 0.4202773186923423, 0.8798983579417552, 1.9779495984136304, 0.8412208903399119, 1.415550067053971, 1.584449932946029, 0.6493486314840311, 1.7573506019683407, 3.1407358875664784, 5.045032548991372, 2.1272397051610312, 5.796452385509838, 0.7268770700643188, 2.391509227555389, 22.60849077244461, 75.51878092508235, 79.48507021468686, 31.54099161649279, 113.44076758005994, 24.4284708538261, 58.42847085382607, 57.55030390822927, 138.5266126859026, 102.50608557930599, 86.40057670121114, 46.33945201401002, 84.26834876174405, 26.186996741883547, 40.99240510546639, 6.992405105466389, 10.75326631040312, 132.383820320113, 103.53304648737071, 179.13060984779125, 152.94271806501962, 157.2588621742711, 170.4745565252341, 165.95006626767523, 152.7891921426208, 162.51248538294638, 66.90917951244043, 67.58155616533185, 55.23592337788823, 45.87175358526483, 66.08569479308603, 110.33723363857436, 91.78076679783135, 62.73152978165467, 69.23961531612156, 68.32296593636164, 146.50256278766918, 114.1190684642958, 99.43048241359526, 117.88046846447234, 49.43901065969425, 4.688642121312284, 175.86415299144878, 54.88392106093022, 82.4181658622639, 85.06549870616965, 167.33321924777874, 146.38569934253962, 129.84365360249097, 46.642689949562794, 78.40839693120734, 41.29729123027906, 34.770918746986865, 24.717681329960044, 11.146959961130392, 15.045120633320266, 31.62729121480939, 37.93561490655034, 58.967291183028976, 30.824047538956876, 61.219935238438325, 48.010031983525494, 12.427077049928414, 0.6465942745467146]",28.083696033005253,"[ 0  8  8  1  0  0  0  0  0  0  1  0  0  0  0  0  0  1  3  1  1  0  1  0
  0  0  0  0  1  0  0  1  0  0  0  0  0  0  0  0  1  1  0  0  0  0  0  1
  0  2  5  7 25 28 27 41 41 45 53 53 53 53 53 52 50 50 48 47 47 45 44 43
 42 40 39 38 55 56 56 59 57 56 59 57 56 54 52 53 52 52 60 49 47 42 40 37
 36 33 31 30 31 24 22 20 23 21 14 17 14 13 13 13  5  3]"
1,True,,25,rmse,83.14492645988327,"[46.646748531352955, 0.13945838072956462, 6.202487788406017, 69.30969566111338, 51.21389969530608, 91.81371724241743, 1.0584519123569578, 1.4994938517980643, 16.161346239944294, 56.42064083730425, 73.64957229019568, 162.93566409248334, 75.59637472722036, 53.81257685175423, 58.86725619241541, 119.86725619241543, 141.3207461728166, 157.59865064598398, 84.08495544687416, 161.49048615958836, 122.53110027934669, 76.17781919435251, 95.31392174549055, 154.5886474146135, 5.123667897811799, 28.548383991662433, 23.20370808934254, 33.75411487936162, 148.25990160722978, 50.991900627193644, 39.5347601185847, 2.2845650255701457, 107.5088776741683, 172.27483897903178, 149.35397744787446, 161.97008644800314, 83.67335016934913, 143.28613023059054, 76.86999169667945, 72.42657130230455, 85.9574087688421, 1.463951309651577, 6.947558289421295, 144.59049406893757, 64.3672652624739, 3.0644158968769375, 72.27314033138092, 104.67700537986147, 145.0635763894639, 153.25066896260498, 132.43378153534917, 169.6130212239563, 145.6130212239563]",4.558822513994528,"[  0   1   5   5  12   7   2   5  11  19  32  35  47  47  62  62  75  87
  93 104 115 127 137 145 151 155 160 163 151 150 148 154 142 144 147 149
 150 152 154 156 158 160 161 163 164 166 167 163 165 166 167 168 169]"
2,True,,25,rmse,85.09034941564329,"[50.12513934780762, 37.87486065219238, 32.35351367391141, 0.46668638051218636, 128.95805082818333, 166.35719349884832, 173.72788438681042, 35.63001101621742, 96.63285253673104, 47.014378900027936, 167.84796355858464, 101.95673637672039, 110.7104411673973, 88.72454695829794, 93.2187927549623, 41.36945141348457, 33.48482226087532, 38.81266946807247, 114.74687340215942, 38.4446937603029, 44.75515115227233, 122.49754017671154, 5.566939180381496, 16.72803152082986, 162.79199556386845, 99.19591686143926, 86.20742735891002, 73.9524556482724, 31.81809905393041, 29.919918961524388, 98.3959098364843, 92.74405708207996, 95.55996123477661, 98.07950395552064, 88.24573912065131, 92.89430558720053, 91.43625787790276, 103.41185991322837, 77.34972226646042, 81.6925157206633, 111.54902738074645, 92.17982143628328, 153.9581874761314, 149.33890849778942, 130.33890849778942]",3.8854191029968206,"[ 15  28  28  28  28  26  24  33  37  57  55  75  69  57  55  37  18  10
   3  15   7   9   1  10  27  45  56  65  72  75  80  83  87  91  93  96
  99 101 103 106 108 112 114 115 116]"
3,True,,25,rmse,64.00223024559402,"[84.41356936397813, 130.92799610601762, 118.29777324843471, 119.83883640687205, 126.92970534664087, 121.93319215289387, 117.75357968604743, 132.85106185491935, 124.08793476880052, 139.00646548921634, 32.6764422311027, 33.00741783187658, 38.64980914126059, 33.961731312286304, 114.56816667459697, 15.863084900691803, 11.437213517516682, 27.716733310110044, 9.261344814671475, 9.526657789453282, 6.212566416469656, 2.7043303687927676, 26.786523191186603, 22.025527966294476, 19.260281425139453, 70.71706527242794, 9.060911748752034, 31.15684610607002, 28.370314538826335, 63.78424954704124, 63.98463247872779, 15.819440443493676, 85.55881373201207, 0.7410117418164077, 21.918496391565384, 17.25901770443153, 25.579722681307658, 25.879898357941755, 39.02205040158637, 31.158779109660088, 2.415550067053971, 26.41555006705397, 87.64934863148405, 87.75735060196834, 66.85926411243354, 74.95496745100863, 27.12723970516103, 35.20354761449016, 67.27312292993567, 88.39150922755537, 19.39150922755539, 76.51878092508235, 4.485070214686857, 24.54099161649279, 32.55923241994009, 64.57152914617392, 35.57152914617393, 136.55030390822927, 172.4733873140974, 16.49391442069401, 128.40057670121115, 167.66054798598998, 35.26834876174405, 44.81300325811645, 32.00759489453361, 47.99240510546639, 42.75326631040312, 175.616179679887, 144.53304648737068, 159.13060984779125, 102.9427180650196, 94.74113782572893, 49.52544347476589, 57.049933732324774, 61.789192142620806, 48.51248538294641, 132.90917951244043, 119.58155616533185, 31.23592337788824, 22.871753585264827, 35.08569479308602, 122.66276636142564, 37.78076679783135, 38.73152978165467, 12.239615316121558, 0.3229659363616406, 6.497437212330823, 0.8809315357042067, 7.569517586404743, 147.88046846447236, 93.56098934030575, 108.68864212131228, 83.13584700855122, 148.88392106093022, 45.41816586226389, 12.934501293830351, 7.333219247778743, 2.614300657460376, 91.15634639750903, 12.357310050437206, 105.59160306879266, 137.70270876972094, 121.22908125301313, 67.28231867003996, 70.85304003886961, 156.95487936667973, 106.62729121480939, 111.93561490655034, 103.96729118302898, 84.82404753895685, 35.21993523843835, 35.010031983525494, 110.42707704992841, 36.646594274546715]",9.84709649400611,"[ 8 27 46 49 51 53 46 39 26 29 22 23 25 24 24 13 15 16 18 19 20 22 24 25
 26 28 29 30 28 30 31 32 34 35 36 38 40 42 43 44 46 46 48 49 50 51 53 54
 55 57 57 36 14 15 15 16 16 15 16 17 19 20 21 22 24 24 26 10 13 18 17 17
 16 14 15 14 12 11 10  9  7  6  5  3  2  0  1  2  4  5  7  8 10 11 14 17
 18 21 22 25 26 29 31 33 35 37 39 41 43 45 46 48 49 51]"
1,True,,20,rmse,76.89028583742643,"[15.353251468647045, 0.13945838072956462, 4.202487788406017, 70.30969566111338, 4.2138996953060825, 3.1862827575825747, 0.05845191235695779, 4.499493851798064, 16.161346239944294, 60.42064083730425, 14.649572290195692, 42.064335907516664, 69.59637472722036, 51.812576851754216, 126.86725619241543, 177.86725619241543, 110.3207461728166, 156.59865064598398, 142.91504455312582, 118.50951384041164, 173.46889972065333, 150.1778191943525, 87.31392174549055, 53.41135258538651, 52.87633210218819, 28.548383991662433, 30.20370808934254, 8.754114879361623, 148.25990160722978, 33.991900627193644, 50.5347601185847, 5.284565025570146, 169.5088776741683, 145.27483897903178, 24.646022552125544, 176.02991355199686, 169.67335016934913, 80.28613023059054, 69.86999169667945, 35.42657130230455, 18.9574087688421, 1.536048690348423, 36.052441710578705, 162.40950593106243, 8.367265262473893, 84.06441589687695, 135.72685966861908, 96.67700537986147, 129.0635763894639, 130.25066896260498, 163.56621846465083, 159.6130212239563, 65.61302122395632]",26.301243194000563,"[  0   0   4   5   2   0   0   6  12  19  32  35  47  49  61  61  74  86
  90 101 112 124 134 141 147 151 155 158 149 149 148 154 157 158 161 163
 165 167 169 171 173 175 177 171 172 172 173 169 171 172 173 174 175]"
2,True,,20,rmse,99.01929080356322,"[40.12513934780762, 41.87486065219238, 36.35351367391141, 6.466686380512186, 68.95805082818333, 154.35719349884832, 156.72788438681042, 175.63001101621742, 56.632852536731036, 168.01437890002794, 122.84796355858464, 0.9567363767203858, 10.289558832602694, 11.275453041702065, 20.781207245037706, 121.3694514134846, 84.4848222608753, 164.81266946807247, 153.25312659784058, 148.4446937603029, 62.24484884772765, 13.502459823288461, 47.433060819618504, 109.27196847917013, 114.20800443613155, 93.80408313856074, 108.20742735891002, 79.0475443517276, 86.81809905393041, 139.0800810384756, 109.6040901635157, 102.74405708207996, 93.55996123477661, 100.07950395552064, 112.24573912065131, 122.10569441279947, 151.43625787790276, 132.41185991322837, 127.34972226646042, 131.6925157206633, 89.54902738074645, 141.17982143628328, 141.9581874761314, 130.33890849778942, 172.33890849778942]",16.57802560699929,"[ 14  29  27  27  25  23  21  17  15  11   7   3   3  15  17  35  54  62
  69  76  85  79  72  65  67  74  85  94 101 104 109 112 116 120 122 125
 128 130 132 135 137 141 143 144 145]"
3,True,,20,rmse,86.72747278501541,"[92.41356936397813, 121.07200389398238, 124.29777324843471, 123.83883640687205, 134.07029465335913, 131.93319215289387, 129.75357968604743, 164.85106185491935, 165.91206523119948, 87.99353451078368, 111.6764422311027, 115.00741783187657, 20.35019085873941, 95.9617313122863, 86.56816667459697, 73.8630849006918, 98.4372135175167, 100.71673331011004, 119.26134481467147, 127.5266577894533, 20.787433583530344, 43.29566963120723, 44.7865231911866, 47.025527966294476, 47.26028142513945, 56.717065272427945, 47.939088251247966, 59.156846106070034, 44.370314538826335, 2.7842495470412416, 5.015367521272225, 33.180559556506324, 43.558813732012084, 49.74101174181641, 30.918496391565384, 25.25901770443153, 24.579722681307658, 45.879898357941755, 36.02205040158637, 44.15877910966009, 33.41555006705397, 29.41555006705397, 25.64934863148403, 31.75735060196834, 59.859264112433536, 37.95496745100863, 22.12723970516103, 66.20354761449015, 70.27312292993567, 68.39150922755537, 33.39150922755539, 28.481219074917647, 32.51492978531314, 46.54099161649279, 54.559232419940074, 59.571529146173916, 64.57152914617392, 98.55030390822927, 172.4733873140974, 88.493914420694, 169.40057670121115, 102.33945201401002, 178.73165123825595, 60.18699674188355, 38.99240510546639, 55.99240510546639, 104.75326631040312, 133.616179679887, 11.466953512629317, 101.86939015220872, 100.05728193498038, 165.7411378257289, 158.5254434747659, 123.04993373232477, 179.2108078573792, 109.5124853829464, 106.90917951244043, 127.58155616533185, 114.23592337788823, 119.87175358526483, 122.08569479308603, 85.66276636142564, 175.78076679783135, 77.73152978165467, 8.239615316121558, 11.32296593636164, 6.502562787669177, 128.8809315357042, 38.56951758640474, 107.11953153552764, 18.560989340305753, 148.68864212131228, 96.13584700855122, 96.11607893906978, 123.4181658622639, 98.06549870616965, 174.33321924777874, 8.614300657460376, 25.843653602490974, 128.6426899495628, 147.59160306879266, 179.29729123027906, 144.22908125301313, 155.28231867003996, 149.8530400388696, 140.04512063332027, 95.62729121480936, 14.935614906550342, 147.03270881697102, 10.824047538956876, 147.78006476156165, 176.0100319835255, 175.5729229500716, 158.35340572545329]",27.880042652002885,"[  9  28  47  50  52  54  56  56  58  61  52  34  29  30  32  33  28  29
  31  32  31  31  31  32  33  35  33  33  34  36  37  38  40  41  42  44
  44  46  47  48  50  47  49  50  51  52  54  55  56  58  58  60  61  62
  63  65  64  65  66  67  69  70  71  72  71  53  38  25  26  28  29  30
  31  33  34  35  37  38  39  40  42  43  44  46  47  49  51  52  54  55
  57  58  60  64  67  70  71  74  75  78  79  82  84  86  88  90  92  94
  96  98  99 101 102 104]"
1,True,,0,mae,15.689453101867123,"[3.646748531352955, 0.13945838072956462, 6.202487788406017, 7.6903043388866195, 3.2138996953060825, 0.8137172424174253, 1.0584519123569578, 3.5005061482019357, 3.1613462399442938, 0.42064083730423363, 6.350427709804308, 10.064335907516664, 4.403625272779635, 2.8125768517542156, 47.867256192415425, 39.867256192415425, 13.320746172816598, 0.5986506459839802, 4.084955446874176, 1.4904861595883574, 0.46889972065332586, 0.8221808056474913, 0.6860782545094537, 0.4113525853865099, 7.876332102188201, 3.4516160083375667, 3.796291910657459, 1.245885120638377, 63.25990160722978, 66.00809937280633, 0.46523988141530026, 0.7154349744298543, 4.491122325831697, 1.2748389790317844, 170.64602255212554, 1.9700864480031441, 1.3266498306508652, 3.713869769409456, 0.13000830332055102, 2.573428697695448, 2.0425912311578998, 9.536048690348423, 6.052441710578705, 170.40950593106243, 0.367265262473893, 4.9355841031230625, 7.726859668619085, 4.32299462013853, 100.0635763894639, 1.2506689626049763, 11.56621846465083, 12.61302122395631, 4.613021223956309]",38.30252728400228,"[  0   0   7 235   1   0   2   1   4   1   3   7   1   0   8 114   1  18
   2   0   0   1   0   1   1   1   0   1  37   1   0   0   2   0   7   0
   0   1   0   0   0   1   1  39   0   0   1   0  12   0   1   0   0]"
2,True,,0,mae,32.59437190745821,"[15.125139347807618, 2.125139347807618, 0.353513673911408, 128.4666863805122, 68.04194917181667, 169.64280650115168, 10.272115613189584, 1.3699889837825765, 159.36714746326896, 146.01437890002794, 2.847963558584638, 2.956736376720386, 1.2895588326026939, 128.72454695829794, 59.218792754962294, 1.3694514134845974, 6.515177739124681, 1.187330531927529, 39.74687340215942, 134.4446937603029, 135.75515115227233, 5.502459823288461, 2.433060819618504, 163.72803152082986, 26.791995563868454, 9.804083138560742, 1.7925726410899756, 1.9524556482724051, 2.8180990539304105, 2.080081038475612, 2.395909836484293, 3.255942917920038, 4.559961234776608, 2.079503955520636, 0.24573912065130799, 1.8943055872005345, 3.4362578779027615, 4.411859913228369, 0.34972226646041804, 1.6925157206632946, 2.549027380746452, 1.1798214362832766, 1.9581874761313998, 2.3389084977894186, 2.6610915022105814]",32.25455947199953,"[  0   0   0 146 151 129   1   1 102   0   3   1   0  26   8   1   0   0
   8  82  91   2   0 122   7   1   0   1   0   0   0   0   1   0   0   1
   0   1   0   0   0   0   0   0   0]"
3,True,,0,mae,11.516591676399788,"[30.586430636021873, 13.927996106017616, 1.2977732484347086, 0.16116359312795225, 1.0702946533591273, 3.0668078471061335, 2.2464203139525694, 1.851061854919351, 1.0879347688005225, 3.006465489216339, 0.6764422311026976, 1.9925821681234197, 1.3501908587394098, 1.0382686877136962, 0.43183332540303354, 5.136915099308197, 4.562786482483318, 35.716733310110044, 1.2613448146714745, 22.47334221054672, 3.212566416469656, 2.7043303687927676, 2.2134768088133967, 1.9744720337055242, 1.7397185748605466, 4.282934727572041, 1.0609117487520336, 0.8431538939299799, 0.6296854611736649, 0.2157504529587584, 3.015367521272225, 0.18055955650632427, 2.441186267987945, 2.2589882581835923, 2.081503608434616, 1.7409822955684717, 1.4202773186923423, 1.8798983579417552, 0.9779495984136304, 0.8412208903399119, 0.5844499329460291, 0.5844499329460291, 0.3506513685159689, 0.2426493980316593, 5.140735887566478, 5.045032548991372, 0.12723970516103122, 7.796452385509838, 4.726877070064319, 3.391509227555389, 23.60849077244461, 95.51878092508235, 4.485070214686857, 4.459008383507211, 4.440767580059941, 24.5715291461739, 44.42847085382607, 0.5503039082292673, 16.52661268590259, 16.49391442069401, 48.40057670121115, 147.33945201401002, 11.26834876174405, 107.18699674188355, 0.007594894533610841, 5.007594894533611, 0.2467336895968799, 127.61617967988701, 162.46695351262932, 5.8693901522087515, 22.05728193498038, 14.741137825728913, 1.4745565252341066, 9.950066267675226, 0.7891921426208057, 2.4875146170536198, 3.0908204875595686, 0.41844383466815316, 0.7640766221117588, 1.1282464147351732, 1.9143052069139799, 2.337233638574361, 2.7807667978313475, 1.2684702183453567, 3.760384683878442, 0.3229659363616406, 1.4974372123308228, 7.119068464295793, 0.4304824135952572, 9.119531535527642, 2.5609893403057526, 36.688642121312284, 0.13584700855122378, 3.11607893906978, 2.5818341377361094, 7.934501293830351, 0.666780752221257, 2.614300657460376, 0.1563463975090258, 4.357310050437206, 83.40839693120734, 1.7027087697209424, 1.2290812530131348, 3.282318670039956, 1.146959961130392, 4.954879366679734, 2.6272912148093894, 2.9356149065503416, 0.03270881697102368, 3.1759524610431242, 3.219935238438353, 2.9899680164745064, 3.427077049928414, 3.3534057254532854]",82.31351548600651,"[36 19  2  1  0  1  1  0  0  0  0  0  0  0  0  0  0  2  1  1  1  0  1  0
  0  0  0  1  0  0  0  1  0  0  1  0  0  0  1  0  1  1  0  0  0  0  0  1
  0  2  2 21  1  0  0  1  0  0  7  0  1  8 14  3  0  1  0  3 20  0  0  0
  0  0  0  0  0  0  0  0  0  1  1  0  0  0  1  1  1 22  0 50  0  0  0  0
  0  1  0  1 39  0  0  0  0  0  2  1  0  1  0  1  0  0]"
1,True,,25,mae,9.767175363305045,"[1.646748531352955, 0.13945838072956462, 0.20248778840601744, 0.6903043388866195, 2.2138996953060825, 1.1862827575825747, 1.0584519123569578, 1.5005061482019357, 2.1613462399442938, 1.4206408373042336, 0.6495722901956924, 3.9356640924833357, 1.4036252727796352, 0.18742314824578443, 56.86725619241541, 20.867256192415425, 32.6792538271834, 1.4013493540160198, 0.08495544687417578, 0.5095138404116426, 0.46889972065332586, 0.1778191943525087, 0.6860782545094537, 0.4113525853865099, 2.8763321021882007, 1.4516160083375667, 1.7962919106574589, 0.24588512063837697, 20.25990160722978, 65.00809937280633, 0.46523988141530026, 0.7154349744298543, 4.491122325831697, 0.27483897903178445, 10.646022552125544, 19.970086448003144, 5.326649830650865, 0.286130230590544, 1.130008303320551, 1.573428697695448, 0.042591231157899756, 6.536048690348423, 0.05244171057870517, 163.59049406893757, 0.632734737526107, 1.9355841031230625, 2.7268596686190847, 0.3229946201385303, 53.93642361053611, 3.2506689626049763, 10.56621846465083, 1.3869787760436907, 3.6130212239563093]",31.671704727996257,"[ 0  0  4  0  1  1  1  1  2  1  1  4  1  1 14 14  6  1  2  0  0  1  0  1
  1  0  0  0  1  1  0  0  2  0  7  4  2  0  0  0  0  1  1  2  0  0  1  0
  4  0  1  1  0]"
2,True,,25,mae,23.481530372078225,"[13.125139347807618, 1.1251393478076182, 3.353513673911408, 167.5333136194878, 66.04194917181667, 46.35719349884832, 16.272115613189584, 4.3699889837825765, 122.63285253673104, 177.01437890002794, 0.15203644141536188, 1.9567363767203858, 0.2895588326026939, 64.72454695829794, 77.2187927549623, 3.6305485865154026, 2.515177739124681, 3.187330531927529, 23.746873402159423, 30.555306239697103, 76.24484884772767, 4.502459823288461, 3.433060819618504, 90.72803152082986, 25.791995563868454, 6.804083138560742, 0.7925726410899756, 0.9524556482724051, 2.8180990539304105, 2.080081038475612, 0.395909836484293, 3.255942917920038, 0.4400387652233917, 2.079503955520636, 0.754260879348692, 1.8943055872005345, 0.4362578779027615, 0.4118599132283691, 0.650277733539582, 0.3074842793367054, 0.5490273807464519, 0.17982143628327663, 0.04181252386860024, 1.6610915022105814, 3.6610915022105814]",17.43456235699705,"[ 0  0  0  4  5  3  2  1  7  5  3  1  0 12 10  2  1  1  7  0  5  2  0  9
  7  1  0  0  1  1  0  2  0  1  0  1  0  0  0  1  0  0  0  0  0]"
3,True,,25,mae,41.58611213232995,"[16.413569363978127, 7.927996106017616, 1.2977732484347086, 0.16116359312795225, 0.07029465335912732, 0.06680784710613352, 0.7535796860474306, 0.14893814508064906, 0.08793476880052253, 0.006465489216338938, 0.32355776889730237, 0.9925821681234197, 0.6498091412605902, 1.0382686877136962, 0.5681666745969665, 0.13691509930819734, 0.5627864824833182, 0.28326668988995607, 13.261344814671475, 1.5266577894532816, 1.212566416469656, 0.29566963120723244, 0.2134768088133967, 1.0255279662944758, 0.7397185748605466, 2.282934727572041, 0.9390882512479664, 0.15684610607002014, 0.6296854611736649, 0.2157504529587584, 0.015367521272224849, 1.1805595565063243, 0.4411862679879448, 0.2589882581835923, 1.0815036084346161, 0.2590177044315283, 0.4202773186923423, 0.8798983579417552, 1.9779495984136304, 0.8412208903399119, 1.415550067053971, 1.584449932946029, 0.6493486314840311, 1.7573506019683407, 3.1407358875664784, 5.045032548991372, 2.1272397051610312, 5.796452385509838, 0.7268770700643188, 2.391509227555389, 22.60849077244461, 75.51878092508235, 60.48507021468686, 24.54099161649279, 110.44076758005994, 24.4284708538261, 58.42847085382607, 57.55030390822927, 138.5266126859026, 102.50608557930599, 86.40057670121114, 46.33945201401002, 84.26834876174405, 26.186996741883547, 40.99240510546639, 6.992405105466389, 10.75326631040312, 132.383820320113, 103.53304648737071, 179.13060984779125, 152.94271806501962, 157.2588621742711, 170.4745565252341, 31.049933732324774, 36.789192142620806, 115.5124853829464, 61.90917951244043, 67.58155616533185, 55.23592337788823, 45.87175358526483, 66.08569479308603, 110.33723363857436, 91.78076679783135, 100.26847021834536, 69.23961531612156, 150.67703406363836, 146.50256278766918, 114.1190684642958, 50.56951758640474, 133.11953153552764, 84.43901065969425, 22.688642121312284, 24.135847008551224, 158.88392106093022, 35.58183413773611, 63.06549870616965, 173.33321924777874, 125.38569934253964, 129.84365360249097, 46.642689949562794, 78.40839693120734, 41.29729123027906, 34.770918746986865, 24.717681329960044, 11.146959961130392, 15.045120633320266, 76.37270878519061, 37.93561490655034, 58.967291183028976, 30.824047538956876, 61.219935238438325, 0.010031983525493615, 0.427077049928414, 0.3534057254532854]",33.8664616659953,"[ 5 10  2  1  0  0  0  0  0  0  1  0  0  0  0  0  0  1  3  1  1  0  1  0
  0  0  0  0  1  0  0  1  0  0  0  0  0  0  0  0  1  1  0  0  0  0  0  1
  0  2  5  7 30 29 28 41 41 45 53 53 53 53 53 52 50 50 48 47 47 45 44 43
 42 61 60 59 57 56 56 59 57 56 59 55 56 52 52 53 47 48 45 44 43 37 36 33
 33 30 31 30 31 24 22 20 23 21  9 17 14 13 13  0  0  0]"
1,True,,0,rmse,74.27599507127279,"[46.646748531352955, 0.13945838072956462, 6.202487788406017, 69.30969566111338, 81.78610030469395, 127.18628275758257, 158.94154808764304, 134.50050614820194, 136.1613462399443, 55.57935916269575, 73.35042770980432, 77.06433590751666, 152.59637472722036, 85.81257685175423, 87.86725619241541, 24.132743807584575, 128.3207461728166, 149.59865064598398, 19.915044553125824, 174.50951384041164, 167.53110027934667, 135.1778191943525, 2.3139217454905463, 10.58864741461349, 8.1236678978118, 35.45161600833757, 0.7962919106574589, 6.245885120638377, 76.25990160722978, 173.99190062719364, 119.5347601185847, 112.71543497442985, 35.5088776741683, 60.274838979031784, 66.35397744787447, 59.029913551996856, 75.67335016934913, 31.286130230590544, 39.86999169667945, 2.573428697695448, 77.9574087688421, 22.536048690348423, 6.947558289421295, 138.40950593106243, 96.3672652624739, 11.064415896876937, 35.273140331380915, 83.67700537986147, 97.0635763894639, 27.749331037395024, 100.43378153534917, 113.61302122395632, 116.61302122395632]",41.327457630002755,"[  0   1   7   5  17  22  27  34  40  48  61  64  76  78  93  90 106 118
 124 134 146 158 168 176 182 186   1 192 193 200 205  38 213 215 219 221
 223  55 226 229  54 233 235 180 236  63 241 241 245   3 244  63 246]"
2,True,,0,rmse,58.40813462562928,"[31.125139347807618, 42.12513934780762, 95.64648632608859, 136.4666863805122, 17.04194917181667, 30.357193498848318, 21.727884386810416, 30.630011016217424, 51.632852536731036, 119.01437890002794, 13.152036441415362, 93.04326362327961, 137.2895588326027, 90.27545304170206, 84.7812072450377, 155.6305485865154, 129.48482226087532, 126.81266946807247, 88.25312659784058, 150.4446937603029, 59.24484884772765, 122.49754017671154, 167.4330608196185, 56.72803152082987, 10.791995563868454, 126.19591686143926, 46.207427358910024, 46.047544351727595, 61.18190094606959, 2.080081038475612, 2.395909836484293, 3.255942917920038, 0.4400387652233917, 8.920496044479364, 3.245739120651308, 9.894305587200535, 3.4362578779027615, 12.41185991322837, 21.349722266460418, 54.307484279336705, 18.549027380746452, 65.17982143628328, 17.9581874761314, 26.33890849778942, 37.33890849778942]",34.82660117201158,"[215 218 209 183 191 201 199 211  12   1 199 207 187 178 186 152 129 131
 128  80   2   9  91 116  48  48  31  26  21   2   1   1   0   0   0   5
   0  10  12   4  17  21  10  22  23]"
3,True,,0,rmse,89.0638518567402,"[20.413569363978127, 5.927996106017616, 17.70222675156529, 19.161163593127952, 33.07029465335913, 147.06680784710613, 101.75357968604743, 99.14893814508065, 124.08793476880052, 139.00646548921634, 32.6764422311027, 6.99258216812342, 38.64980914126059, 102.9617313122863, 103.56816667459697, 90.8630849006918, 107.4372135175167, 115.71673331011004, 76.26134481467147, 28.52665778945328, 49.787433583530344, 42.29566963120723, 53.7865231911866, 54.025527966294476, 54.26028142513944, 35.71706527242793, 99.93908825124797, 119.15684610607003, 111.37031453882632, 92.78424954704124, 100.98463247872779, 117.18055955650632, 117.55881373201207, 85.74101174181641, 77.91849639156537, 70.25901770443153, 134.57972268130766, 137.87989835794176, 127.02205040158637, 173.8412208903399, 168.58444993294603, 173.58444993294603, 176.35065136851597, 176.24264939803166, 175.85926411243352, 151.95496745100863, 131.12723970516103, 155.20354761449016, 152.27312292993568, 100.60849077244461, 16.39150922755539, 7.518780925082353, 87.48507021468686, 156.4590083835072, 32.55923241994009, 64.57152914617392, 139.5715291461739, 7.449696091770733, 51.52661268590259, 72.493914420694, 56.400576701211136, 35.33945201401002, 139.26834876174405, 32.18699674188355, 64.00759489453361, 15.99240510546639, 173.24673368959688, 175.616179679887, 133.53304648737068, 103.13060984779125, 102.9427180650196, 17.258862174271087, 110.5254434747659, 102.04993373232477, 18.210807857379194, 56.512485382946394, 55.90917951244043, 63.58155616533185, 99.76407662211176, 105.12824641473517, 84.91430520691398, 122.33723363857436, 93.78076679783135, 91.73152978165467, 59.760384683878456, 168.32296593636164, 105.49743721233082, 37.11906846429579, 112.43048241359526, 169.11953153552764, 162.56098934030575, 94.31135787868772, 32.135847008551224, 103.88392106093022, 61.418165862263905, 135.93450129383035, 109.66678075222126, 47.614300657460376, 100.84365360249096, 51.642689949562794, 22.408396931207335, 19.297291230279058, 19.770918746986865, 23.717681329960044, 17.146959961130392, 16.045120633320266, 37.62729121480939, 122.93561490655034, 127.96729118302898, 140.82404753895688, 144.21993523843835, 141.0100319835255, 126.42707704992841, 123.35340572545329]",89.04114293500606,"[ 27   8  11  14  15  21  20  21  26  29  22  29  25  32  37  46  37  49
  51  44  77  36  46  47  48  53  51  52  53  57  58  57  59  63  63  64
 138 136 135 134 132 132 130 128 126 127 125 113 115 121  10  26 124 124
  15  16  83  22  30  32  30  26  92  24  90  30 140  10  18   4  17  64
  81  81  77  76  74  74  86  85  83  68  81  79  65  62  60  59  57  45
  57 169 170  50 176 153 164 123  35  33  46  43  41  39  37  35  33  31
  29  27  26  24 193 209]"
1,True,,25,rmse,79.26061478997048,"[15.353251468647045, 0.13945838072956462, 4.202487788406017, 70.30969566111338, 42.21389969530608, 88.81371724241743, 2.058451912356958, 4.499493851798064, 16.161346239944294, 60.42064083730425, 14.649572290195692, 42.064335907516664, 69.59637472722036, 51.812576851754216, 126.86725619241543, 177.86725619241543, 110.3207461728166, 156.59865064598398, 142.91504455312582, 118.50951384041164, 173.46889972065333, 150.1778191943525, 87.31392174549055, 53.41135258538651, 52.87633210218819, 28.548383991662433, 30.20370808934254, 8.754114879361623, 148.25990160722978, 33.991900627193644, 50.5347601185847, 5.284565025570146, 169.5088776741683, 145.27483897903178, 24.646022552125544, 176.02991355199686, 169.67335016934913, 80.28613023059054, 69.86999169667945, 35.42657130230455, 18.9574087688421, 1.536048690348423, 36.052441710578705, 162.40950593106243, 8.367265262473893, 84.06441589687695, 135.72685966861908, 96.67700537986147, 129.0635763894639, 130.25066896260498, 163.56621846465083, 159.6130212239563, 65.61302122395632]",31.849902786008897,"[  0   0   4   5  10   6   1   6  12  19  32  35  47  49  61  61  74  86
  90 101 112 124 134 141 147 151 155 158 149 149 148 154 157 158 161 163
 165 167 169 171 173 175 177 171 172 172 173 169 171 172 173 174 175]"
2,True,,25,rmse,87.60148404885123,"[40.12513934780762, 41.87486065219238, 36.35351367391141, 6.466686380512186, 68.95805082818333, 154.35719349884832, 156.72788438681042, 175.63001101621742, 56.632852536731036, 168.01437890002794, 122.84796355858464, 0.9567363767203858, 10.289558832602694, 11.275453041702065, 20.781207245037706, 121.3694514134846, 84.4848222608753, 164.81266946807247, 153.25312659784058, 148.4446937603029, 62.24484884772765, 13.502459823288461, 47.433060819618504, 113.27196847917013, 90.20800443613156, 121.19591686143926, 94.20742735891002, 77.9524556482724, 74.81809905393041, 103.91991896152439, 100.3959098364843, 69.74405708207996, 104.55996123477661, 112.07950395552064, 51.24573912065131, 171.10569441279947, 84.43625787790276, 89.41185991322837, 118.34972226646042, 115.6925157206633, 73.45097261925355, 58.82017856371672, 73.0418125238686, 79.66109150221058, 97.66109150221058]",16.66971878099139,"[ 14  29  27  27  25  23  21  17  15  11   7   3   3  15  17  35  54  62
  69  76  85  79  72  62  58  52  62  71  78  81  86  89  93  97  99 102
 105 107 109 112 114 118 120 121 122]"
3,True,,25,rmse,86.10453563007022,"[92.41356936397813, 121.07200389398238, 124.29777324843471, 123.83883640687205, 134.07029465335913, 131.93319215289387, 129.75357968604743, 164.85106185491935, 165.91206523119948, 87.99353451078368, 111.6764422311027, 20.99258216812342, 20.35019085873941, 95.9617313122863, 86.56816667459697, 73.8630849006918, 98.4372135175167, 100.71673331011004, 119.26134481467147, 127.5266577894533, 20.787433583530344, 43.29566963120723, 44.7865231911866, 47.025527966294476, 47.26028142513945, 56.717065272427945, 47.939088251247966, 59.156846106070034, 44.370314538826335, 2.7842495470412416, 5.015367521272225, 33.180559556506324, 43.558813732012084, 49.74101174181641, 30.918496391565384, 25.25901770443153, 24.579722681307658, 45.879898357941755, 36.02205040158637, 44.15877910966009, 33.41555006705397, 29.41555006705397, 25.64934863148403, 31.75735060196834, 59.859264112433536, 37.95496745100863, 22.12723970516103, 66.20354761449015, 70.27312292993567, 68.39150922755537, 33.39150922755539, 28.481219074917647, 32.51492978531314, 46.54099161649279, 54.559232419940074, 59.571529146173916, 64.57152914617392, 98.55030390822927, 172.4733873140974, 88.493914420694, 169.40057670121115, 102.33945201401002, 178.73165123825595, 60.18699674188355, 38.99240510546639, 154.9924051054664, 28.75326631040312, 133.616179679887, 11.466953512629317, 101.86939015220872, 100.05728193498038, 165.7411378257289, 158.5254434747659, 123.04993373232477, 179.2108078573792, 109.5124853829464, 106.90917951244043, 127.58155616533185, 114.23592337788823, 119.87175358526483, 122.08569479308603, 85.66276636142564, 175.78076679783135, 77.73152978165467, 8.239615316121558, 11.32296593636164, 6.502562787669177, 128.8809315357042, 38.56951758640474, 107.11953153552764, 18.560989340305753, 148.68864212131228, 96.13584700855122, 96.11607893906978, 123.4181658622639, 98.06549870616965, 174.33321924777874, 8.614300657460376, 25.843653602490974, 128.6426899495628, 147.59160306879266, 179.29729123027906, 144.22908125301313, 155.28231867003996, 149.8530400388696, 140.04512063332027, 95.62729121480936, 14.935614906550342, 147.03270881697102, 10.824047538956876, 147.78006476156165, 176.0100319835255, 175.5729229500716, 158.35340572545329]",35.37834288900194,"[  9  28  47  50  52  54  56  56  58  61  52  30  29  30  32  33  28  29
  31  32  31  31  31  32  33  35  33  33  34  36  37  38  40  41  42  44
  44  46  47  48  50  47  49  50  51  52  54  55  56  58  58  60  61  62
  63  65  64  65  66  67  69  70  71  72  71  48  30  25  26  28  29  30
  31  33  34  35  37  38  39  40  42  43  44  46  47  49  51  52  54  55
  57  58  60  64  67  70  71  74  75  78  79  82  84  86  88  90  92  94
  96  98  99 101 102 104]"
1,True,,0,mae,9.521532972589382,"[1.646748531352955, 0.13945838072956462, 4.202487788406017, 0.6903043388866195, 2.2138996953060825, 1.1862827575825747, 1.0584519123569578, 1.5005061482019357, 2.1613462399442938, 1.4206408373042336, 0.6495722901956924, 13.064335907516664, 1.4036252727796352, 0.18742314824578443, 69.86725619241541, 7.132743807584575, 0.6792538271834019, 2.40134935401602, 0.08495544687417578, 0.5095138404116426, 0.46889972065332586, 0.1778191943525087, 0.6860782545094537, 0.4113525853865099, 2.8763321021882007, 1.4516160083375667, 1.7962919106574589, 0.24588512063837697, 45.25990160722978, 65.00809937280633, 0.46523988141530026, 0.7154349744298543, 4.491122325831697, 0.27483897903178445, 43.353977447874456, 1.0299135519968559, 0.32664983065086517, 0.286130230590544, 1.130008303320551, 1.573428697695448, 0.042591231157899756, 6.536048690348423, 0.05244171057870517, 135.40950593106243, 0.632734737526107, 1.9355841031230625, 2.7268596686190847, 0.3229946201385303, 53.93642361053611, 3.2506689626049763, 10.56621846465083, 1.3869787760436907, 3.6130212239563093]",185.05991640999855,"[  0   0   7   0   1   1   1   1   2   1   1   9   1   1  89  86   1  23
   2   0   0   1   0   1   1   0   0   0  37   1   0   0   2   0  44   0
   0   0   0   0   0   1   1 146   0   0   1   0   4   0   1   1   0]"
2,True,,0,mae,32.19541767839287,"[161.12513934780762, 1.1251393478076182, 3.353513673911408, 133.4666863805122, 68.04194917181667, 170.64280650115168, 16.272115613189584, 4.3699889837825765, 156.63285253673104, 153.01437890002794, 0.15203644141536188, 1.9567363767203858, 0.2895588326026939, 131.72454695829794, 8.218792754962294, 3.6305485865154026, 2.515177739124681, 3.187330531927529, 5.253126597840577, 60.444693760302926, 136.75515115227233, 4.502459823288461, 3.433060819618504, 162.72803152082986, 25.791995563868454, 6.804083138560742, 0.7925726410899756, 0.9524556482724051, 2.8180990539304105, 2.080081038475612, 0.395909836484293, 3.255942917920038, 0.4400387652233917, 2.079503955520636, 0.754260879348692, 1.8943055872005345, 0.4362578779027615, 0.4118599132283691, 0.650277733539582, 0.3074842793367054, 0.5490273807464519, 0.17982143628327663, 0.04181252386860024, 1.6610915022105814, 3.6610915022105814]",128.59322754800087,"[ 59   0   0 146 152 129   2   1 104   0   3   1   0  28   2   2   1   1
  92  11  91   2   0 122   7   1   0   0   1   1   0   2   0   1   0   1
   0   0   0   1   0   0   0   0   0]"
3,True,,0,mae,10.260447765495025,"[28.586430636021873, 11.927996106017616, 1.2977732484347086, 0.16116359312795225, 0.07029465335912732, 0.06680784710613352, 0.7535796860474306, 0.14893814508064906, 0.08793476880052253, 0.006465489216338938, 0.32355776889730237, 0.9925821681234197, 0.6498091412605902, 1.0382686877136962, 0.5681666745969665, 0.13691509930819734, 0.5627864824833182, 0.28326668988995607, 13.261344814671475, 1.5266577894532816, 1.212566416469656, 0.29566963120723244, 0.2134768088133967, 1.0255279662944758, 0.7397185748605466, 2.282934727572041, 0.9390882512479664, 0.15684610607002014, 0.6296854611736649, 0.2157504529587584, 0.015367521272224849, 1.1805595565063243, 0.4411862679879448, 0.2589882581835923, 1.0815036084346161, 0.2590177044315283, 0.4202773186923423, 0.8798983579417552, 1.9779495984136304, 0.8412208903399119, 1.415550067053971, 1.584449932946029, 0.6493486314840311, 1.7573506019683407, 3.1407358875664784, 5.045032548991372, 2.1272397051610312, 5.796452385509838, 0.7268770700643188, 2.391509227555389, 22.60849077244461, 75.51878092508235, 0.48507021468685707, 1.4590083835072107, 0.44076758005994066, 21.5715291461739, 41.42847085382607, 0.5503039082292673, 12.526612685902592, 81.50608557930599, 8.59942329878885, 26.66054798598998, 6.2683487617440505, 78.81300325811645, 4.992405105466389, 2.007594894533611, 0.2467336895968799, 168.383820320113, 175.46695351262932, 64.13060984779125, 0.9427180650196192, 20.741137825728913, 0.47455652523410663, 0.04993373232477438, 0.21080785737919427, 0.48751461705361976, 1.9091795124404314, 0.5815561653318468, 0.23592337788824125, 0.12824641473517318, 0.9143052069139799, 2.662766361425639, 2.2192332021686525, 0.26847021834535667, 3.239615316121558, 0.3229659363616406, 2.497437212330823, 1.1190684642957933, 1.4304824135952572, 2.119531535527642, 0.5609893403057526, 116.68864212131228, 0.13584700855122378, 1.11607893906978, 1.4181658622638906, 0.9345012938303512, 0.333219247778743, 1.385699342539624, 1.1563463975090258, 6.357310050437206, 82.40839693120734, 0.7027087697209424, 0.22908125301313476, 0.28231867003995603, 2.146959961130392, 1.9548793666797337, 0.37270878519061057, 5.935614906550342, 0.03270881697102368, 3.1759524610431242, 0.21993523843835305, 2.9899680164745064, 0.427077049928414, 0.3534057254532854]",319.95326855299936,"[36 19  2  1  0  0  0  0  0  0  1  0  0  0  0  0  0  2  3  1  1  0  1  0
  0  0  0  0  1  0  0  1  0  0  0  0  0  0  0  0  1  1  0  0  0  0  0  1
  0  2  5  7  1  0  0  1  0  0  7 23  2 15 15 11  0  0  0 33 20  1  1  0
  0  0  0  0  0  0  0  0  0  1  1  0  2  0  1  1  1 22  0  6  0  0  0  1
  0  1  0  1 38  0  1  0  0  0  0  1  0  1  0  1  0  0]"
1,True,,0,rmse,80.51106190020718,"[15.353251468647045, 0.13945838072956462, 7.202487788406017, 91.30969566111338, 97.21389969530608, 140.18628275758257, 87.94154808764301, 133.50050614820194, 103.1613462399443, 49.579359162695766, 71.35042770980432, 94.06433590751669, 162.59637472722036, 82.81257685175423, 124.86725619241543, 117.86725619241543, 138.6792538271834, 104.598650645984, 47.915044553125824, 176.50951384041164, 39.468899720653326, 68.82218080564749, 4.686078254509454, 10.58864741461349, 3.8763321021882007, 12.451616008337567, 7.203708089342541, 27.754114879361623, 80.25990160722978, 121.99190062719364, 123.5347601185847, 112.71543497442985, 141.4911223258317, 79.27483897903178, 50.353977447874456, 15.970086448003144, 78.67335016934913, 142.71386976940946, 40.86999169667945, 46.42657130230455, 84.9574087688421, 110.46395130965158, 63.052441710578705, 131.40950593106243, 92.3672652624739, 128.93558410312306, 32.273140331380915, 70.67700537986147, 88.0635763894639, 78.25066896260498, 85.43378153534917, 118.61302122395632, 126.61302122395632]",170.23220857899287,"[  0   0   7 172  17  22  26  34  40  47  60  64  76  78  93  92  99 118
 124 135 146 158 168 176   2   3   2  11 194  14 205  37  34 214 219 220
 223 223 227 226  54 233 235  52 238 240 241 242 245 241  63  64  65]"
2,True,,0,rmse,48.69919865998578,"[30.125139347807618, 50.12513934780762, 20.646486326088592, 6.533313619487814, 6.041949171816668, 31.357193498848318, 18.727884386810416, 25.630011016217424, 46.632852536731036, 3.0143789000279355, 47.15203644141536, 78.95673637672039, 101.7104411673973, 66.27545304170206, 66.7812072450377, 174.6305485865154, 126.51517773912468, 41.81266946807247, 24.746873402159423, 166.4446937603029, 109.24484884772767, 121.49754017671154, 159.4330608196185, 179.27196847917014, 8.791995563868454, 58.19591686143926, 51.207427358910024, 41.047544351727595, 41.18190094606959, 3.080081038475612, 2.395909836484293, 5.255942917920038, 0.5599612347766083, 10.079503955520636, 0.24573912065130799, 10.894305587200535, 0.5637421220972385, 77.58814008677163, 0.34972226646041804, 75.3074842793367, 1.5490273807464519, 13.820178563716723, 15.0418125238686, 19.66109150221058, 51.33890849778942]",129.4123334169999,"[214 215 217 125 216 204 205 210  12  98 197 193 191 165 168 148 133 143
 121  79  94  13  86  56  47  41  31  25  21   2   2   1   0   4   0   7
   0   1   0  14  20  10  10  11  25]"
3,True,,0,rmse,90.97214963672663,"[92.41356936397813, 121.07200389398238, 124.29777324843471, 25.161163593127952, 32.07029465335913, 4.0668078471061335, 13.75357968604743, 13.148938145080649, 0.08793476880052253, 4.006465489216339, 10.676442231102698, 3.0074178318765803, 20.35019085873941, 25.961731312286304, 88.56816667459697, 73.8630849006918, 98.4372135175167, 98.71673331011004, 129.26134481467147, 26.52665778945328, 13.787433583530344, 16.295669631207232, 101.7865231911866, 1.0255279662944758, 51.26028142513945, 24.71706527242796, 99.93908825124797, 70.15684610607003, 86.37031453882632, 113.78424954704124, 119.98463247872779, 104.18055955650632, 127.55881373201207, 89.74101174181641, 47.918496391565384, 128.25901770443153, 131.57972268130766, 121.87989835794176, 116.02205040158637, 167.8412208903399, 162.58444993294603, 165.58444993294603, 175.64934863148403, 177.75735060196834, 164.85926411243352, 153.95496745100863, 161.87276029483897, 144.20354761449016, 142.27312292993568, 141.3915092275554, 69.39150922755537, 106.51878092508235, 81.48507021468686, 156.5409916164928, 38.55923241994009, 162.5715291461739, 146.5715291461739, 151.55030390822927, 83.52661268590259, 127.493914420694, 77.40057670121114, 36.33945201401002, 132.26834876174405, 83.81300325811645, 52.00759489453361, 81.00759489453361, 86.24673368959685, 72.61617967988701, 149.53304648737068, 152.13060984779125, 91.9427180650196, 2.741137825728913, 106.5254434747659, 106.04993373232477, 37.789192142620806, 62.512485382946394, 56.90917951244043, 73.58155616533185, 12.764076622111759, 28.128246414735173, 31.08569479308602, 123.66276636142564, 95.78076679783135, 45.26847021834536, 69.76038468387846, 169.32296593636164, 160.49743721233082, 43.119068464295765, 120.43048241359526, 154.11953153552764, 164.56098934030575, 93.31135787868772, 34.135847008551224, 107.88392106093022, 108.4181658622639, 167.06549870616965, 96.66678075222126, 22.385699342539624, 108.15634639750903, 39.642689949562794, 35.408396931207335, 66.29729123027906, 30.770918746986865, 22.717681329960044, 142.8530400388696, 124.95487936667973, 34.62729121480939, 158.93561490655034, 175.96729118302898, 150.82404753895688, 152.21993523843835, 150.0100319835255, 118.42707704992841, 95.35340572545329]",350.84581612900365,"[  9  28  47  15  16  18  19  22  24  26  26  26  29  34  34  33  28  38
  43  44  46  46  44  47  48  53  51  52  52  54  55  56  60  63  62  64
 138 136 135 134 132 132 130 129 128 127 114 114 117 121  83 119 123 104
  15 100  83  37  30  96  27  26  93  74  89  89  88  19  18  16  15  81
  80  79  77  76  74  73  72  71  69  82  81  65  65  62  60  59  57  45
  57 169 173  50 180 184 178 171  36  33  46  43  41  39  37  35  33  31
  29  27  26  24 196 216]"
1,True,,20,mae,19.36990448294223,"[2.646748531352955, 0.8605416192704354, 1.7975122115939826, 0.30969566111338054, 3.2138996953060825, 0.18628275758257473, 1.0584519123569578, 2.5005061482019357, 3.1613462399442938, 1.4206408373042336, 1.3504277098043076, 5.064335907516664, 0.4036252727796352, 1.8125768517542156, 55.86725619241541, 19.867256192415425, 42.6792538271834, 0.5986506459839802, 0.08495544687417578, 1.4904861595883574, 1.4688997206533259, 0.8221808056474913, 0.6860782545094537, 1.4113525853865099, 3.8763321021882007, 0.45161600833756665, 0.7962919106574589, 1.754114879361623, 15.259901607229779, 66.00809937280633, 0.46523988141530026, 0.7154349744298543, 4.491122325831697, 0.27483897903178445, 166.64602255212554, 179.02991355199686, 115.67335016934913, 60.713869769409484, 7.869991696679449, 2.573428697695448, 0.9574087688421002, 6.536048690348423, 2.052441710578705, 164.59049406893757, 0.367265262473893, 3.9355841031230625, 3.7268596686190847, 0.3229946201385303, 46.93642361053611, 4.250668962604976, 11.56621846465083, 2.3869787760436907, 1.6130212239563093]",12.780776422994677,"[ 0  0  2  0  1  0  2  1  3  1  1  4  1  0 13 13  7  1  2  0  0  1  0  0
  1  0  0  0  1  1  0  0  2  0  7 11 26 24  5  1  0  1  1  2  0  0  1  0
  3  0  1  1  0]"
2,True,,20,mae,18.127266679505187,"[14.125139347807618, 2.125139347807618, 4.353513673911408, 0.5333136194878136, 68.04194917181667, 43.35719349884832, 17.272115613189584, 4.3699889837825765, 123.63285253673104, 175.01437890002794, 1.1520364414153619, 2.956736376720386, 1.2895588326026939, 17.724546958297935, 51.218792754962294, 2.6305485865154026, 2.515177739124681, 1.187330531927529, 26.746873402159423, 29.555306239697103, 76.24484884772767, 2.5024598232884614, 3.433060819618504, 80.27196847917013, 25.791995563868454, 5.804083138560742, 1.7925726410899756, 1.9524556482724051, 3.8180990539304105, 2.080081038475612, 2.395909836484293, 3.255942917920038, 0.5599612347766083, 3.079503955520636, 0.24573912065130799, 0.8943055872005345, 2.4362578779027615, 0.4118599132283691, 0.34972226646041804, 1.6925157206632946, 0.45097261925354815, 1.1798214362832766, 0.9581874761313998, 1.6610915022105814, 2.6610915022105814]",7.434813455998665,"[0 0 0 0 5 3 2 1 7 5 3 1 0 6 7 2 1 1 7 0 5 2 0 7 7 0 0 0 0 0 0 2 0 1 0 0 0
 0 0 1 0 0 0 0 0]"
3,True,,20,mae,46.10838500492414,"[4.413569363978127, 21.072003893982384, 29.70222675156529, 12.161163593127952, 0.07029465335912732, 0.9331921528938665, 1.7535796860474306, 0.8510618549193509, 0.08793476880052253, 0.006465489216338938, 0.6764422311026976, 1.9925821681234197, 1.3501908587394098, 2.038268687713696, 0.43183332540303354, 1.1369150993081973, 0.5627864824833182, 7.283266689889956, 12.261344814671475, 22.47334221054672, 2.212566416469656, 1.7043303687927676, 1.2134768088133967, 2.025527966294476, 1.7397185748605466, 4.282934727572041, 0.060911748752033645, 0.8431538939299799, 0.37031453882633514, 0.2157504529587584, 3.015367521272225, 0.18055955650632427, 0.5588137320120552, 2.2589882581835923, 2.081503608434616, 1.7409822955684717, 1.4202773186923423, 1.1201016420582448, 1.9779495984136304, 0.8412208903399119, 0.5844499329460291, 1.584449932946029, 0.3506513685159689, 0.2426493980316593, 4.140735887566478, 5.045032548991372, 3.1272397051610312, 4.796452385509838, 0.7268770700643188, 3.391509227555389, 51.60849077244461, 75.51878092508235, 80.48507021468686, 31.54099161649279, 112.44076758005994, 24.4284708538261, 128.4284708538261, 104.55030390822927, 55.52661268590259, 155.506085579306, 152.59942329878885, 51.33945201401002, 88.26834876174405, 40.18699674188355, 38.99240510546639, 132.0075948945336, 11.75326631040312, 17.38382032011299, 80.53304648737071, 178.13060984779125, 150.94271806501962, 158.2588621742711, 166.4745565252341, 149.95006626767523, 80.7891921426208, 160.51248538294638, 152.90917951244043, 28.418443834668153, 63.23592337788823, 42.87175358526483, 66.08569479308603, 113.33723363857436, 90.78076679783135, 62.73152978165467, 52.23961531612156, 20.32296593636164, 106.49743721233082, 110.1190684642958, 100.43048241359526, 115.88046846447234, 49.43901065969425, 4.688642121312284, 176.86415299144878, 51.88392106093022, 82.4181658622639, 87.06549870616965, 167.33321924777874, 144.38569934253962, 128.84365360249097, 47.642689949562794, 78.40839693120734, 39.29729123027906, 15.770918746986865, 31.717681329960044, 10.146959961130392, 43.954879366679734, 74.62729121480936, 35.93561490655034, 59.967291183028976, 29.824047538956876, 60.219935238438325, 45.010031983525494, 11.427077049928414, 0.3534057254532854]",11.439113768996322,"[ 0  9 26 11  0  0  0  0  0  0  0  0  0  0  0  0  0  1  3  1  1  0  1  0
  0  0  0  0  0  0  0  1  0  0  0  0  0  0  0  0  1  1  0  0  0  0  0  1
  0  2  2  7 25 28 27 41 57 60 59 58 56 55 54 53 51 51 49 48 47 45 44 43
 42 40 39 38 36 45 56 59 57 56 59 58 57 57 55 54 52 52 60 49 47 42 40 37
 36 33 31 30 31 24 22 20 23 20 14 17 14 13 13 13  5  3]"
1,True,,20,rmse,79.07061704480273,"[3.646748531352955, 0.8605416192704354, 126.20248778840602, 72.30969566111338, 38.21389969530608, 8.186282757582575, 5.941548087643042, 1.4994938517980643, 19.161346239944294, 61.42064083730425, 37.35042770980431, 42.064335907516664, 68.59637472722036, 53.81257685175423, 130.86725619241543, 154.86725619241543, 174.6792538271834, 126.401349354016, 143.91504455312582, 129.50951384041164, 8.468899720653326, 147.1778191943525, 87.31392174549055, 4.41135258538651, 55.87633210218819, 28.548383991662433, 27.20370808934254, 1.245885120638377, 140.25990160722978, 33.991900627193644, 48.5347601185847, 0.7154349744298543, 168.5088776741683, 61.274838979031784, 18.646022552125544, 175.02991355199686, 170.67335016934913, 143.28613023059054, 140.86999169667945, 73.42657130230455, 69.9574087688421, 5.463951309651577, 6.947558289421295, 149.59049406893757, 65.3672652624739, 103.93558410312306, 87.72685966861906, 100.67700537986147, 137.0635763894639, 144.25066896260498, 163.56621846465083, 160.6130212239563, 60.61302122395632]",12.618726255997899,"[  0   0   4   5   9   4   0   7  13  21  34  37  49  47  59  57  69  81
  87  98 109 121 131 139 145 149 154 157 152 149 149 154 157 158 161 163
 165 152 154 156 158 160 162 164 165 166 167 168 170 171 172 173 174]"
2,True,,20,rmse,100.0242727158146,"[39.12513934780762, 41.87486065219238, 32.35351367391141, 4.466686380512186, 43.95805082818333, 135.35719349884832, 178.27211561318958, 175.63001101621742, 4.632852536731036, 167.01437890002794, 119.84796355858464, 5.043263623279614, 10.289558832602694, 11.275453041702065, 19.781207245037706, 116.3694514134846, 162.51517773912468, 158.81266946807247, 153.25312659784058, 169.5553062396971, 56.24484884772765, 18.50245982328846, 139.4330608196185, 107.27196847917013, 62.20800443613156, 170.19591686143926, 113.20742735891002, 62.047544351727595, 118.81809905393041, 114.91991896152439, 86.3959098364843, 96.74405708207996, 79.55996123477661, 91.07950395552064, 108.24573912065131, 105.89430558720053, 106.43625787790276, 116.41185991322837, 113.34972226646042, 109.6925157206633, 139.54902738074645, 178.82017856371672, 156.9581874761314, 146.33890849778942, 153.33890849778942]",8.559249614001601,"[ 14  29  27  27  25  23  21  17  15  11   7   3   3  15  17  35  54  62
  69  76  85  79  78  71  82  87  85  92  99 102 107 110 114 118 120 123
 126 128 130 133 135 139 141 142 143]"
3,True,,20,rmse,83.58582185654542,"[126.58643063602187, 105.92799610601762, 114.29777324843471, 124.83883640687205, 140.07029465335913, 113.93319215289387, 130.75357968604743, 91.14893814508065, 92.08793476880055, 87.99353451078368, 17.676442231102698, 10.00741783187658, 37.64980914126059, 34.961731312286304, 91.56816667459697, 91.8630849006918, 108.4372135175167, 71.71673331011004, 120.26134481467147, 124.5266577894533, 20.787433583530344, 41.29566963120723, 37.7865231911866, 50.025527966294476, 46.26028142513945, 51.71706527242793, 46.939088251247966, 39.15684610607002, 40.370314538826335, 47.78424954704124, 44.984632478727804, 33.180559556506324, 33.558813732012084, 29.741011741816408, 32.918496391565384, 30.25901770443153, 33.57972268130766, 34.879898357941755, 63.02205040158637, 38.15877910966009, 50.41555006705397, 54.41555006705397, 55.649348631484045, 55.75735060196834, 59.859264112433536, 50.95496745100863, 67.12723970516103, 63.20354761449015, 64.27312292993567, 75.39150922755537, 35.39150922755539, 51.48121907491765, 36.51492978531314, 15.54099161649279, 47.55923241994009, 60.571529146173916, 20.5715291461739, 115.55030390822927, 168.4733873140974, 91.493914420694, 44.40057670121115, 156.66054798598998, 172.73165123825595, 52.18699674188355, 38.99240510546639, 66.99240510546639, 103.75326631040312, 126.61617967988701, 7.466953512629317, 109.86939015220875, 162.94271806501962, 165.7411378257289, 77.4745565252341, 126.04993373232477, 173.7891921426208, 105.5124853829464, 95.90917951244043, 103.58155616533185, 107.23592337788823, 126.87175358526483, 74.08569479308603, 65.66276636142564, 165.78076679783135, 78.73152978165467, 28.239615316121558, 4.322965936361641, 6.502562787669177, 16.880931535704207, 47.56951758640474, 112.11953153552764, 9.560989340305753, 157.68864212131228, 108.13584700855122, 167.11607893906978, 109.4181658622639, 80.06549870616965, 177.66678075222126, 26.614300657460376, 39.843653602490974, 137.3573100504372, 161.59160306879266, 117.70270876972094, 116.22908125301313, 164.28231867003996, 121.85304003886961, 119.95487936667973, 113.62729121480939, 177.06438509344966, 156.03270881697102, 4.824047538956876, 152.78006476156165, 177.0100319835255, 175.4270770499284, 159.35340572545329]",16.552688515002956,"[ 10  29  48  50  52  54  56  46  29  24  26  27  22  23  25  26  28  29
  31  32  31  29  31  32  33  35  36  37  38  37  38  39  41  42  43  45
  46  48  49  50  52  52  54  55  56  57  58  57  58  60  60  62  62  62
  63  65  65  67  68  69  71  71  71  72  71  52  37  24  25  27  28  29
  30  32  33  34  36  37  38  39  41  42  43  45  46  48  50  51  53  54
  56  57  59  63  66  69  70  73  74  77  78  81  83  85  87  89  91  93
  95  97  98 100 101 103]"
1,True,,25,mae,15.818328235254524,"[2.646748531352955, 0.8605416192704354, 1.7975122115939826, 0.30969566111338054, 3.2138996953060825, 0.18628275758257473, 1.0584519123569578, 2.5005061482019357, 3.1613462399442938, 1.4206408373042336, 1.3504277098043076, 5.064335907516664, 0.4036252727796352, 1.8125768517542156, 55.86725619241541, 19.867256192415425, 31.679253827183402, 0.5986506459839802, 0.08495544687417578, 1.4904861595883574, 1.4688997206533259, 0.8221808056474913, 0.6860782545094537, 1.4113525853865099, 3.8763321021882007, 0.45161600833756665, 0.7962919106574589, 1.754114879361623, 15.259901607229779, 66.00809937280633, 0.46523988141530026, 0.7154349744298543, 4.491122325831697, 0.27483897903178445, 166.64602255212554, 179.02991355199686, 8.326649830650865, 0.713869769409456, 0.13000830332055102, 0.4265713023045521, 0.9574087688421002, 6.536048690348423, 2.052441710578705, 164.59049406893757, 0.367265262473893, 3.9355841031230625, 3.7268596686190847, 0.3229946201385303, 46.93642361053611, 4.250668962604976, 11.56621846465083, 2.3869787760436907, 1.6130212239563093]",15.236900732998038,"[ 0  0  2  0  1  0  2  1  3  1  1  4  1  0 13 13  6  1  2  0  0  1  0  0
  1  0  0  0  1  1  0  0  2  0  7 11  2  0  0  0  0  1  1  2  0  0  1  0
  3  0  1  1  0]"
2,True,,25,mae,22.90258640218531,"[14.125139347807618, 2.125139347807618, 4.353513673911408, 0.5333136194878136, 68.04194917181667, 43.35719349884832, 17.272115613189584, 4.3699889837825765, 123.63285253673104, 175.01437890002794, 1.1520364414153619, 2.956736376720386, 1.2895588326026939, 64.72454695829794, 75.2187927549623, 2.6305485865154026, 2.515177739124681, 1.187330531927529, 26.746873402159423, 83.44469376030293, 163.24484884772767, 2.5024598232884614, 3.433060819618504, 83.27196847917013, 25.791995563868454, 5.804083138560742, 1.7925726410899756, 1.9524556482724051, 3.8180990539304105, 2.080081038475612, 2.395909836484293, 3.255942917920038, 0.5599612347766083, 3.079503955520636, 0.24573912065130799, 0.8943055872005345, 2.4362578779027615, 0.4118599132283691, 0.34972226646041804, 1.6925157206632946, 0.45097261925354815, 1.1798214362832766, 0.9581874761313998, 1.6610915022105814, 2.6610915022105814]",10.782894292991841,"[ 0  0  0  0  5  3  2  1  7  5  3  1  0 12 10  2  1  1  7  9  1  2  0  8
  7  0  0  0  0  0  0  2  0  1  0  0  0  0  0  1  0  0  0  0  0]"
3,True,,25,mae,43.79933897729477,"[5.413569363978127, 21.072003893982384, 1.7022267515652914, 0.8388364068720477, 0.07029465335912732, 0.9331921528938665, 1.7535796860474306, 0.8510618549193509, 0.08793476880052253, 0.006465489216338938, 0.6764422311026976, 1.9925821681234197, 1.3501908587394098, 2.038268687713696, 0.43183332540303354, 1.1369150993081973, 0.5627864824833182, 7.283266689889956, 12.261344814671475, 22.47334221054672, 2.212566416469656, 1.7043303687927676, 1.2134768088133967, 2.025527966294476, 1.7397185748605466, 4.282934727572041, 0.060911748752033645, 0.8431538939299799, 0.37031453882633514, 0.2157504529587584, 3.015367521272225, 0.18055955650632427, 0.5588137320120552, 2.2589882581835923, 2.081503608434616, 1.7409822955684717, 1.4202773186923423, 1.1201016420582448, 1.9779495984136304, 0.8412208903399119, 0.5844499329460291, 1.584449932946029, 0.3506513685159689, 0.2426493980316593, 4.140735887566478, 5.045032548991372, 3.1272397051610312, 4.796452385509838, 0.7268770700643188, 3.391509227555389, 51.60849077244461, 75.51878092508235, 28.514929785313143, 31.54099161649279, 112.44076758005994, 24.4284708538261, 128.4284708538261, 104.55030390822927, 55.52661268590259, 155.506085579306, 152.59942329878885, 51.33945201401002, 88.26834876174405, 40.18699674188355, 38.99240510546639, 132.0075948945336, 11.75326631040312, 17.38382032011299, 80.53304648737071, 178.13060984779125, 150.94271806501962, 158.2588621742711, 166.4745565252341, 89.04993373232477, 33.789192142620806, 57.512485382946394, 60.90917951244043, 64.58155616533185, 63.23592337788823, 42.87175358526483, 66.08569479308603, 113.33723363857436, 90.78076679783135, 97.26847021834536, 68.23961531612156, 20.32296593636164, 146.50256278766918, 115.1190684642958, 124.43048241359526, 169.11953153552764, 82.43901065969425, 21.688642121312284, 19.135847008551224, 159.88392106093022, 93.4181658622639, 60.06549870616965, 175.33321924777874, 124.38569934253964, 128.84365360249097, 47.642689949562794, 78.40839693120734, 39.29729123027906, 15.770918746986865, 31.717681329960044, 10.146959961130392, 43.954879366679734, 77.37270878519061, 35.93561490655034, 59.967291183028976, 29.824047538956876, 60.219935238438325, 0.010031983525493615, 2.427077049928414, 0.3534057254532854]",13.868021807007608,"[ 5  9  4  1  0  0  0  0  0  0  0  0  0  0  0  0  0  1  3  1  1  0  1  0
  0  0  0  0  0  0  0  1  0  0  0  0  0  0  0  0  1  1  0  0  0  0  0  1
  0  2  2  7 28 28 27 41 57 60 59 58 56 55 54 53 51 51 49 48 47 45 44 43
 42 61 60 59 57 56 56 59 57 56 59 55 56 57 52 53 51 49 45 44 43 37 36 33
 33 30 31 30 31 24 22 20 23 20  9 17 14 13 13  0  0  0]"
1,True,,25,rmse,80.6673610916864,"[3.646748531352955, 0.8605416192704354, 126.20248778840602, 72.30969566111338, 42.21389969530608, 88.81371724241743, 5.941548087643042, 1.4994938517980643, 19.161346239944294, 61.42064083730425, 37.35042770980431, 42.064335907516664, 68.59637472722036, 53.81257685175423, 130.86725619241543, 154.86725619241543, 174.6792538271834, 126.401349354016, 143.91504455312582, 129.50951384041164, 8.468899720653326, 147.1778191943525, 87.31392174549055, 4.41135258538651, 55.87633210218819, 28.548383991662433, 27.20370808934254, 1.245885120638377, 140.25990160722978, 33.991900627193644, 48.5347601185847, 0.7154349744298543, 168.5088776741683, 61.274838979031784, 18.646022552125544, 175.02991355199686, 170.67335016934913, 143.28613023059054, 140.86999169667945, 73.42657130230455, 69.9574087688421, 5.463951309651577, 6.947558289421295, 149.59049406893757, 65.3672652624739, 103.93558410312306, 87.72685966861906, 100.67700537986147, 137.0635763894639, 144.25066896260498, 163.56621846465083, 160.6130212239563, 60.61302122395632]",12.292943721011397,"[  0   0   4   5  10   5   0   7  13  21  34  37  49  47  59  57  69  81
  87  98 109 121 131 139 145 149 154 157 152 149 149 154 157 158 161 163
 165 152 154 156 158 160 162 164 165 166 167 168 170 171 172 173 174]"
2,True,,25,rmse,90.69629646315339,"[39.12513934780762, 41.87486065219238, 32.35351367391141, 4.466686380512186, 43.95805082818333, 135.35719349884832, 178.27211561318958, 175.63001101621742, 4.632852536731036, 167.01437890002794, 119.84796355858464, 5.043263623279614, 10.289558832602694, 11.275453041702065, 19.781207245037706, 116.3694514134846, 162.51517773912468, 158.81266946807247, 153.25312659784058, 169.5553062396971, 56.24484884772765, 18.50245982328846, 139.4330608196185, 107.27196847917013, 158.20800443613155, 97.80408313856074, 93.20742735891002, 78.9524556482724, 79.81809905393041, 105.91991896152439, 107.3959098364843, 104.74405708207996, 104.55996123477661, 107.07950395552064, 107.24573912065131, 85.89430558720053, 87.43625787790276, 87.41185991322837, 121.34972226646042, 118.6925157206633, 78.54902738074645, 58.82017856371672, 74.0418125238686, 74.66109150221058, 78.66109150221058]",10.977025207990664,"[ 14  29  27  27  25  23  21  17  15  11   7   3   3  15  17  35  54  62
  69  76  85  79  78  67  62  74  62  71  78  81  85  88  92  96  98 101
 104 106 108 111 113 117 119 120 121]"
3,True,,25,rmse,82.53164756235594,"[126.58643063602187, 105.92799610601762, 114.29777324843471, 124.83883640687205, 140.07029465335913, 113.93319215289387, 130.75357968604743, 91.14893814508065, 15.912065231199477, 87.99353451078368, 17.676442231102698, 10.00741783187658, 37.64980914126059, 34.961731312286304, 91.56816667459697, 91.8630849006918, 108.4372135175167, 71.71673331011004, 120.26134481467147, 124.5266577894533, 20.787433583530344, 41.29566963120723, 37.7865231911866, 50.025527966294476, 46.26028142513945, 51.71706527242793, 46.939088251247966, 39.15684610607002, 40.370314538826335, 47.78424954704124, 44.984632478727804, 33.180559556506324, 33.558813732012084, 29.741011741816408, 32.918496391565384, 30.25901770443153, 33.57972268130766, 34.879898357941755, 63.02205040158637, 38.15877910966009, 50.41555006705397, 54.41555006705397, 55.649348631484045, 55.75735060196834, 59.859264112433536, 50.95496745100863, 67.12723970516103, 63.20354761449015, 64.27312292993567, 75.39150922755537, 35.39150922755539, 51.48121907491765, 36.51492978531314, 15.54099161649279, 47.55923241994009, 60.571529146173916, 20.5715291461739, 115.55030390822927, 168.4733873140974, 91.493914420694, 44.40057670121115, 156.66054798598998, 172.73165123825595, 52.18699674188355, 38.99240510546639, 99.99240510546639, 26.75326631040312, 126.61617967988701, 7.466953512629317, 109.86939015220875, 162.94271806501962, 165.7411378257289, 77.4745565252341, 126.04993373232477, 173.7891921426208, 105.5124853829464, 95.90917951244043, 103.58155616533185, 107.23592337788823, 126.87175358526483, 74.08569479308603, 65.66276636142564, 165.78076679783135, 78.73152978165467, 28.239615316121558, 4.322965936361641, 6.502562787669177, 16.880931535704207, 47.56951758640474, 112.11953153552764, 9.560989340305753, 157.68864212131228, 108.13584700855122, 167.11607893906978, 109.4181658622639, 80.06549870616965, 177.66678075222126, 26.614300657460376, 39.843653602490974, 137.3573100504372, 161.59160306879266, 117.70270876972094, 116.22908125301313, 164.28231867003996, 121.85304003886961, 119.95487936667973, 113.62729121480939, 177.06438509344966, 156.03270881697102, 4.824047538956876, 152.78006476156165, 177.0100319835255, 175.4270770499284, 159.35340572545329]",15.800565461002407,"[ 10  29  48  50  52  54  56  46  24  24  26  27  22  23  25  26  28  29
  31  32  31  29  31  32  33  35  36  37  38  37  38  39  41  42  43  45
  46  48  49  50  52  52  54  55  56  57  58  57  58  60  60  62  62  62
  63  65  65  67  68  69  71  71  71  72  71  50  30  24  25  27  28  29
  30  32  33  34  36  37  38  39  41  42  43  45  46  48  50  51  53  54
  56  57  59  63  66  69  70  73  74  77  78  81  83  85  87  89  91  93
  95  97  98 100 101 103]"
1,True,,0,mae,12.569378285831439,"[2.646748531352955, 0.8605416192704354, 2.2024877884060174, 0.30969566111338054, 3.2138996953060825, 0.18628275758257473, 1.0584519123569578, 2.5005061482019357, 3.1613462399442938, 1.4206408373042336, 1.3504277098043076, 13.064335907516664, 0.4036252727796352, 1.8125768517542156, 55.86725619241541, 38.867256192415425, 0.3207461728165981, 1.5986506459839802, 0.08495544687417578, 1.4904861595883574, 1.4688997206533259, 0.8221808056474913, 0.6860782545094537, 1.4113525853865099, 3.8763321021882007, 0.45161600833756665, 0.7962919106574589, 1.754114879361623, 60.25990160722978, 66.00809937280633, 0.46523988141530026, 0.7154349744298543, 4.491122325831697, 0.27483897903178445, 166.64602255212554, 0.9700864480031441, 1.3266498306508652, 0.713869769409456, 0.13000830332055102, 0.4265713023045521, 0.9574087688421002, 6.536048690348423, 2.052441710578705, 135.40950593106243, 0.367265262473893, 3.9355841031230625, 3.7268596686190847, 0.3229946201385303, 46.93642361053611, 4.250668962604976, 11.56621846465083, 2.3869787760436907, 1.6130212239563093]",82.46463445399422,"[  0   0   6   0   1   0   2   1   3   1   1   9   1   0  13 114   1  19
   2   0   0   1   0   0   1   0   0   0  37   1   0   0   2   0   7   0
   0   0   0   0   0   1   1 146   0   0   1   0   3   0   1   1   0]"
2,True,,0,mae,34.58968964743132,"[171.12513934780762, 2.125139347807618, 4.353513673911408, 132.4666863805122, 68.04194917181667, 169.64280650115168, 17.272115613189584, 4.3699889837825765, 163.36714746326896, 151.01437890002794, 1.1520364414153619, 2.956736376720386, 1.2895588326026939, 129.72454695829794, 51.218792754962294, 2.6305485865154026, 2.515177739124681, 1.187330531927529, 26.746873402159423, 83.44469376030293, 136.75515115227233, 2.5024598232884614, 3.433060819618504, 163.72803152082986, 25.791995563868454, 5.804083138560742, 1.7925726410899756, 1.9524556482724051, 3.8180990539304105, 2.080081038475612, 2.395909836484293, 3.255942917920038, 0.5599612347766083, 3.079503955520636, 0.24573912065130799, 0.8943055872005345, 2.4362578779027615, 0.4118599132283691, 0.34972226646041804, 1.6925157206632946, 0.45097261925354815, 1.1798214362832766, 0.9581874761313998, 1.6610915022105814, 2.6610915022105814]",52.93629155600502,"[ 58   0   0 146 152 129   2   1 102   0   3   1   0  27   7   2   1   1
   7   9  91   2   0 122   7   0   0   0   0   0   0   2   0   1   0   0
   0   0   0   1   0   0   0   0   0]"
3,True,,0,mae,11.302144660228203,"[27.586430636021873, 13.927996106017616, 1.2977732484347086, 0.8388364068720477, 0.07029465335912732, 0.9331921528938665, 1.7535796860474306, 0.8510618549193509, 0.08793476880052253, 0.006465489216338938, 0.6764422311026976, 1.9925821681234197, 1.3501908587394098, 2.038268687713696, 0.43183332540303354, 1.1369150993081973, 0.5627864824833182, 3.283266689889956, 12.261344814671475, 22.47334221054672, 2.212566416469656, 1.7043303687927676, 1.2134768088133967, 2.025527966294476, 1.7397185748605466, 4.282934727572041, 0.060911748752033645, 0.8431538939299799, 0.37031453882633514, 0.2157504529587584, 3.015367521272225, 0.18055955650632427, 0.5588137320120552, 2.2589882581835923, 2.081503608434616, 1.7409822955684717, 1.4202773186923423, 1.1201016420582448, 1.9779495984136304, 0.8412208903399119, 0.5844499329460291, 1.584449932946029, 0.3506513685159689, 0.2426493980316593, 4.140735887566478, 5.045032548991372, 3.1272397051610312, 4.796452385509838, 0.7268770700643188, 3.391509227555389, 51.60849077244461, 75.51878092508235, 0.5149297853131429, 3.4590083835072107, 0.44076758005994066, 20.5715291461739, 40.42847085382607, 0.44969609177073266, 11.526612685902592, 43.49391442069401, 47.40057670121115, 151.33945201401002, 15.26834876174405, 108.18699674188355, 3.992405105466389, 4.007594894533611, 0.2467336895968799, 127.61617967988701, 174.46695351262932, 63.13060984779125, 1.9427180650196192, 14.741137825728913, 1.4745565252341066, 1.9500662676752256, 0.7891921426208057, 0.5124853829463802, 0.9091795124404314, 0.41844383466815316, 0.23592337788824125, 1.1282464147351732, 1.9143052069139799, 1.3372336385743608, 1.2192332021686525, 0.26847021834535667, 4.239615316121558, 0.3229659363616406, 1.4974372123308228, 2.1190684642957933, 3.569517586404743, 5.119531535527642, 1.5609893403057526, 37.688642121312284, 0.13584700855122378, 3.11607893906978, 1.4181658622638906, 0.9345012938303512, 0.666780752221257, 1.385699342539624, 0.1563463975090258, 5.357310050437206, 82.40839693120734, 0.7027087697209424, 0.22908125301313476, 0.28231867003995603, 1.146959961130392, 0.9548793666797337, 1.3727087851906106, 3.9356149065503416, 0.03270881697102368, 2.1759524610431242, 0.21993523843835305, 2.9899680164745064, 2.427077049928414, 0.3534057254532854]",130.52082263299963,"[36 19  2  1  0  0  0  0  0  0  0  0  0  0  0  0  0  2  3  1  1  0  1  0
  0  0  0  0  0  0  0  1  0  0  0  0  0  0  0  0  1  1  0  0  0  0  0  1
  0  2  2  7  1  0  0  1  0  0  7  7  1  8 14  3  0  0  0  3 20  1  1  0
  0  0  0  0  0  0  0  0  0  1  1  0  2  0  1  1  1 22  0 50  0  0  0  1
  0  1  0  1 38  0  1  0  0  0  0  1  0  1  0  1  0  0]"
1,True,,0,rmse,82.32403992927944,"[3.646748531352955, 0.8605416192704354, 121.20248778840602, 72.30969566111338, 91.21389969530608, 123.18628275758257, 153.94154808764304, 135.50050614820194, 139.1613462399443, 51.579359162695766, 73.35042770980432, 94.06433590751669, 160.59637472722036, 86.81257685175423, 126.86725619241543, 115.86725619241543, 138.6792538271834, 104.598650645984, 16.915044553125824, 177.50951384041164, 40.468899720653326, 135.1778191943525, 0.6860782545094537, 11.58864741461349, 3.8763321021882007, 12.451616008337567, 8.203708089342541, 26.754114879361623, 68.25990160722978, 121.99190062719364, 123.5347601185847, 165.71543497442985, 179.4911223258317, 60.274838979031784, 50.353977447874456, 13.970086448003144, 79.67335016934913, 132.71386976940946, 28.86999169667945, 6.573428697695448, 85.9574087688421, 25.536048690348423, 65.0524417105787, 163.40950593106243, 89.3672652624739, 128.93558410312306, 27.273140331380915, 43.67700537986147, 101.0635763894639, 42.749331037394995, 88.43378153534917, 117.61302122395632, 125.61302122395632]",86.19069591500738,"[  0   0   8   5  17  21  27  34  40  48  61  63  76  77  93  92  99 118
 124 135 146 158 168 176   2   3   3  13 194  14 205 211 214 215 219 221
 223 224 226 229  54 233 235 170 238 240 241 243 243   3  65  64  69]"
2,True,,0,rmse,58.728179708707316,"[31.125139347807618, 51.12513934780762, 91.64648632608859, 131.4666863805122, 5.041949171816668, 34.35719349884832, 17.727884386810416, 26.630011016217424, 52.632852536731036, 155.01437890002794, 33.15203644141536, 77.95673637672039, 93.2895588326027, 78.27545304170206, 83.7812072450377, 170.6305485865154, 129.51517773912468, 131.81266946807247, 92.25312659784058, 97.5553062396971, 123.24484884772767, 126.49754017671154, 159.4330608196185, 175.27196847917014, 9.791995563868454, 71.19591686143926, 50.207427358910024, 45.047544351727595, 14.81809905393041, 2.080081038475612, 3.395909836484293, 0.7440570820799621, 0.5599612347766083, 14.079503955520636, 0.24573912065130799, 9.894305587200535, 2.4362578779027615, 76.58814008677163, 1.349722266460418, 46.307484279336705, 41.45097261925355, 5.179821436283277, 12.9581874761314, 18.66109150221058, 46.33890849778942]",55.958542559994385,"[216 216 208 182 215 206 204 210  12   0 195 193 200 167 186 148 136 128
 129  79  93  12  86  57  47  42  31  26  10   2   2   1   0   4   0   7
   1   1   1   4   6  12  10  11  25]"
3,True,,0,rmse,91.3397361378225,"[28.413569363978127, 42.072003893982384, 57.70222675156529, 56.16116359312795, 53.07029465335913, 28.933192152893866, 26.75357968604743, 6.148938145080649, 31.912065231199477, 87.99353451078368, 17.676442231102698, 37.00741783187658, 37.64980914126059, 65.9617313122863, 87.56816667459697, 87.8630849006918, 108.4372135175167, 111.71673331011004, 113.26134481467147, 29.52665778945328, 138.21256641646966, 21.295669631207232, 50.7865231911866, 54.025527966294476, 58.26028142513944, 38.71706527242793, 94.93908825124797, 124.15684610607003, 91.37031453882632, 84.78424954704124, 91.98463247872779, 93.18055955650632, 113.55881373201207, 89.74101174181641, 80.91849639156537, 129.25901770443153, 53.57972268130766, 54.879898357941755, 118.02205040158637, 165.8412208903399, 161.58444993294603, 165.58444993294603, 173.35065136851597, 175.75735060196834, 170.85926411243352, 158.95496745100863, 179.12723970516103, 132.20354761449016, 143.27312292993568, 140.3915092275554, 68.39150922755537, 120.51878092508235, 87.48507021468686, 152.4590083835072, 39.55923241994009, 164.5715291461739, 135.5715291461739, 99.55030390822927, 75.52661268590259, 128.493914420694, 79.40057670121114, 39.33945201401002, 132.26834876174405, 83.81300325811645, 53.00759489453361, 77.00759489453361, 73.24673368959685, 126.61617967988701, 152.53304648737068, 154.13060984779125, 93.9427180650196, 1.741137825728913, 109.5254434747659, 106.04993373232477, 45.789192142620806, 57.512485382946394, 55.90917951244043, 79.58155616533185, 12.764076622111759, 8.128246414735173, 84.91430520691398, 126.66276636142564, 94.78076679783135, 86.73152978165467, 71.76038468387846, 159.67703406363836, 165.49743721233082, 43.119068464295765, 112.43048241359526, 157.11953153552764, 162.56098934030575, 90.31135787868772, 116.86415299144878, 104.88392106093022, 102.4181658622639, 103.93450129383035, 105.66678075222126, 16.385699342539624, 91.84365360249096, 42.642689949562794, 35.408396931207335, 58.29729123027906, 27.770918746986865, 16.717681329960044, 21.146959961130392, 127.95487936667973, 22.62729121480939, 150.93561490655034, 131.96729118302898, 141.82404753895688, 152.21993523843835, 152.0100319835255, 122.42707704992841, 132.35340572545329]",137.29615873200237,"[ 28   7  10  13  15  16  19  19  22  24  26  28  22  30  32  27  28  39
  44  44  40  38  37  48  49  49  51  51  52  54  55  56  58  63  62  64
  66  68 135 134 132 132 130 129 127 126 115 113 117 121  83 117 124 123
  14 100  83  31  30  99  27  26  93  74  89  89  90  24  18  19  17  81
  80  79  77  76  74  73  72  71  83  82  81  65  65  62  60  59  57  45
  57 169 143  50 180 149 167 166  36  33  46  43  41  39  37  35  19  31
  29  27  26  24 190 210]"
1,True,,20,mae,20.44065571774732,"[3.646748531352955, 0.13945838072956462, 1.7975122115939826, 0.30969566111338054, 3.2138996953060825, 0.8137172424174253, 1.0584519123569578, 3.5005061482019357, 3.1613462399442938, 0.42064083730423363, 6.350427709804308, 10.064335907516664, 4.403625272779635, 2.8125768517542156, 47.867256192415425, 10.867256192415425, 31.679253827183402, 0.5986506459839802, 4.084955446874176, 1.4904861595883574, 0.46889972065332586, 0.8221808056474913, 0.6860782545094537, 0.4113525853865099, 7.876332102188201, 3.4516160083375667, 3.796291910657459, 1.245885120638377, 23.25990160722978, 66.00809937280633, 0.46523988141530026, 0.7154349744298543, 4.491122325831697, 1.2748389790317844, 170.64602255212554, 174.02991355199686, 68.32664983065087, 59.713869769409484, 24.13000830332055, 2.573428697695448, 2.0425912311578998, 9.536048690348423, 6.052441710578705, 165.59049406893757, 0.367265262473893, 4.9355841031230625, 7.726859668619085, 4.32299462013853, 100.0635763894639, 1.2506689626049763, 11.56621846465083, 12.61302122395631, 4.613021223956309]",8.796265422002762,"[ 0  0  2  0  1  0  2  1  4  1  3  6  1  0  8  8  6  1  2  0  0  1  0  1
  1  1  0  1  1  1  0  0  2  0  7 11  9 24  5  1  0  1  1  2  0  0  1  0
 12  0  1  0  0]"
2,True,,20,mae,16.97427371644249,"[15.125139347807618, 2.125139347807618, 0.353513673911408, 0.46668638051218636, 68.04194917181667, 43.35719349884832, 10.272115613189584, 1.3699889837825765, 120.63285253673104, 104.98562109997206, 2.847963558584638, 2.956736376720386, 1.2895588326026939, 13.724546958297935, 59.218792754962294, 1.3694514134845974, 6.515177739124681, 1.187330531927529, 26.746873402159423, 28.555306239697103, 80.24484884772767, 5.502459823288461, 2.433060819618504, 84.27196847917013, 26.791995563868454, 9.804083138560742, 1.7925726410899756, 1.9524556482724051, 2.8180990539304105, 2.080081038475612, 2.395909836484293, 3.255942917920038, 4.559961234776608, 2.079503955520636, 0.24573912065130799, 1.8943055872005345, 3.4362578779027615, 4.411859913228369, 0.34972226646041804, 1.6925157206632946, 2.549027380746452, 1.1798214362832766, 1.9581874761313998, 2.3389084977894186, 2.6610915022105814]",5.309459379001055,"[0 0 0 0 4 2 1 1 7 5 3 1 0 6 8 1 0 0 7 0 5 2 0 7 7 1 0 1 0 0 0 0 1 0 0 1 0
 1 0 0 0 0 0 0 0]"
3,True,,20,mae,43.137125454782236,"[11.586430636021873, 18.072003893982384, 9.702226751565291, 0.16116359312795225, 1.0702946533591273, 3.0668078471061335, 2.2464203139525694, 1.851061854919351, 1.0879347688005225, 3.006465489216339, 0.6764422311026976, 1.9925821681234197, 1.3501908587394098, 1.0382686877136962, 0.43183332540303354, 5.136915099308197, 4.562786482483318, 27.716733310110044, 1.2613448146714745, 22.47334221054672, 3.212566416469656, 2.7043303687927676, 2.2134768088133967, 1.9744720337055242, 1.7397185748605466, 4.282934727572041, 1.0609117487520336, 0.8431538939299799, 0.6296854611736649, 0.2157504529587584, 3.015367521272225, 0.18055955650632427, 2.441186267987945, 2.2589882581835923, 2.081503608434616, 1.7409822955684717, 1.4202773186923423, 1.8798983579417552, 0.9779495984136304, 0.8412208903399119, 0.5844499329460291, 0.5844499329460291, 0.3506513685159689, 0.2426493980316593, 5.140735887566478, 5.045032548991372, 0.12723970516103122, 7.796452385509838, 4.726877070064319, 3.391509227555389, 23.60849077244461, 76.51878092508235, 44.48507021468686, 32.54099161649279, 36.44076758005991, 26.4284708538261, 55.42847085382607, 156.44969609177073, 144.5266126859026, 108.50608557930599, 79.59942329878885, 99.33945201401002, 156.73165123825595, 24.186996741883547, 39.99240510546639, 7.992405105466389, 7.75326631040312, 2.6161796798870114, 93.53304648737071, 175.13060984779125, 145.94271806501962, 166.2588621742711, 174.4745565252341, 161.95006626767523, 106.2108078573792, 8.51248538294638, 60.90917951244043, 23.581556165331847, 52.23592337788823, 43.87175358526483, 62.085694793086034, 114.33723363857436, 93.78076679783135, 67.73152978165467, 16.760384683878442, 48.32296593636164, 110.49743721233082, 111.1190684642958, 99.43048241359526, 118.88046846447234, 45.43901065969425, 84.68864212131228, 32.135847008551224, 47.88392106093022, 82.4181658622639, 88.06549870616965, 167.33321924777874, 168.38569934253962, 124.84365360249096, 46.642689949562794, 35.408396931207335, 38.29729123027906, 27.770918746986865, 36.717681329960044, 25.146959961130392, 24.045120633320266, 82.62729121480936, 34.93561490655034, 55.967291183028976, 33.824047538956876, 59.219935238438325, 45.010031983525494, 169.5729229500716, 0.3534057254532854]",13.349113752003177,"[ 0 13 16  0  0  1  1  0  0  0  0  0  0  0  0  0  0  1  1  1  1  0  1  0
  0  0  0  1  0  0  0  1  0  0  1  0  0  0  1  0  1  1  0  0  0  0  0  1
  0  2  2  7 15 28 43 41 41 45 46 53 51 50 49 52 50 50 48 48 47 45 44 43
 42 40 48 59 57 56 60 59 57 56 59 59 58 57 57 54 52 52 60 49 47 42 40 37
 36 33 31 30 29 24 22 20 20 20 14 16 14 13 13 13  5  3]"
1,True,,20,rmse,81.26297691246543,"[46.646748531352955, 0.13945838072956462, 6.202487788406017, 69.30969566111338, 30.213899695306083, 7.186282757582575, 1.9415480876430422, 3.5005061482019357, 19.161346239944294, 56.42064083730425, 73.64957229019568, 162.93566409248334, 75.59637472722036, 53.81257685175423, 58.86725619241541, 119.86725619241543, 141.3207461728166, 157.59865064598398, 84.08495544687416, 161.49048615958836, 122.53110027934669, 76.17781919435251, 95.31392174549055, 154.5886474146135, 5.123667897811799, 28.548383991662433, 23.20370808934254, 33.75411487936162, 148.25990160722978, 50.991900627193644, 39.5347601185847, 2.2845650255701457, 107.5088776741683, 172.27483897903178, 149.35397744787446, 161.97008644800314, 83.67335016934913, 143.28613023059054, 76.86999169667945, 72.42657130230455, 85.9574087688421, 1.463951309651577, 6.947558289421295, 144.59049406893757, 64.3672652624739, 3.0644158968769375, 72.27314033138092, 104.67700537986147, 145.0635763894639, 153.25066896260498, 132.43378153534917, 169.6130212239563, 145.6130212239563]",6.24495981799555,"[  0   1   5   5   7   2   1   8  14  19  32  35  47  47  62  62  75  87
  93 104 115 127 137 145 151 155 160 163 151 150 148 154 142 144 147 149
 150 152 154 156 158 160 161 163 164 166 167 163 165 166 167 168 169]"
2,True,,20,rmse,83.34958596923805,"[50.12513934780762, 37.87486065219238, 32.35351367391141, 0.46668638051218636, 128.95805082818333, 166.35719349884832, 173.72788438681042, 35.63001101621742, 96.63285253673104, 26.014378900027936, 167.84796355858464, 146.0432636232796, 9.289558832602694, 88.72454695829794, 93.2187927549623, 41.36945141348457, 33.48482226087532, 38.81266946807247, 114.74687340215942, 38.4446937603029, 44.75515115227233, 122.49754017671154, 5.566939180381496, 16.72803152082986, 162.79199556386845, 99.19591686143926, 86.20742735891002, 73.9524556482724, 31.81809905393041, 29.919918961524388, 98.3959098364843, 92.74405708207996, 95.55996123477661, 98.07950395552064, 88.24573912065131, 92.89430558720053, 91.43625787790276, 103.41185991322837, 77.34972226646042, 81.6925157206633, 111.54902738074645, 92.17982143628328, 153.9581874761314, 149.33890849778942, 130.33890849778942]",3.082164189996547,"[ 15  28  28  28  28  26  24  33  37  47  55  58  52  57  55  37  18  10
   3  15   7   9   1  10  27  45  56  65  72  75  80  83  87  91  93  96
  99 101 103 106 108 112 114 115 116]"
3,True,,20,rmse,74.3664343813359,"[84.41356936397813, 130.92799610601762, 118.29777324843471, 119.83883640687205, 126.92970534664087, 121.93319215289387, 117.75357968604743, 132.85106185491935, 124.08793476880052, 139.00646548921634, 32.6764422311027, 33.00741783187658, 38.64980914126059, 33.961731312286304, 114.56816667459697, 15.863084900691803, 11.437213517516682, 27.716733310110044, 9.261344814671475, 9.526657789453282, 6.212566416469656, 2.7043303687927676, 26.786523191186603, 22.025527966294476, 19.260281425139453, 70.71706527242794, 9.060911748752034, 31.15684610607002, 28.370314538826335, 63.78424954704124, 63.98463247872779, 15.819440443493676, 85.55881373201207, 0.7410117418164077, 21.918496391565384, 17.25901770443153, 25.579722681307658, 25.879898357941755, 39.02205040158637, 31.158779109660088, 2.415550067053971, 26.41555006705397, 87.64934863148405, 87.75735060196834, 66.85926411243354, 74.95496745100863, 27.12723970516103, 35.20354761449016, 67.27312292993567, 88.39150922755537, 19.39150922755539, 32.48121907491765, 67.51492978531314, 40.54099161649279, 40.55923241994009, 64.57152914617392, 27.5715291461739, 48.55030390822927, 83.52661268590259, 43.49391442069401, 59.400576701211136, 136.33945201401002, 16.26834876174405, 127.81300325811645, 50.99240510546639, 42.99240510546639, 23.75326631040312, 88.38382032011299, 15.466953512629317, 104.86939015220875, 174.94271806501962, 137.2588621742711, 150.5254434747659, 121.95006626767523, 149.7891921426208, 144.51248538294638, 148.90917951244043, 71.58155616533185, 27.76407662211176, 110.87175358526483, 86.08569479308603, 114.66276636142564, 157.21923320216865, 78.73152978165467, 34.23961531612156, 5.322965936361641, 97.49743721233085, 85.8809315357042, 15.569517586404743, 174.88046846447236, 45.56098934030575, 140.68864212131228, 88.13584700855122, 112.11607893906978, 138.4181658622639, 144.06549870616965, 170.33321924777874, 18.614300657460376, 4.843653602490974, 107.6426899495628, 163.40839693120734, 1.7027087697209424, 172.22908125301313, 179.28231867003996, 158.8530400388696, 132.95487936667973, 122.62729121480939, 71.93561490655031, 63.967291183028976, 60.82404753895685, 104.21993523843835, 162.9899680164745, 156.5729229500716, 19.353405725453285]",9.106019849990844,"[  8  27  46  49  51  53  46  39  26  29  22  23  25  24  24  13  15  16
  18  19  20  22  24  25  26  28  29  30  28  30  31  32  34  35  36  38
  40  42  43  44  46  46  48  49  50  51  53  54  55  57  57  59  60  61
  62  64  64  66  67  68  70  71  72  73  75  75  77  63  46  30  31  32
  33  35  36  37  39  40  41  42  44  45  46  48  49  51  53  54  56  57
  59  60  62  66  69  72  73  76  77  80  81  84  86  88  90  92  94  96
  98 100 101 103 104 106]"
1,True,,25,mae,17.528231045023418,"[3.646748531352955, 0.13945838072956462, 1.7975122115939826, 0.30969566111338054, 3.2138996953060825, 0.8137172424174253, 1.0584519123569578, 3.5005061482019357, 3.1613462399442938, 0.42064083730423363, 6.350427709804308, 10.064335907516664, 4.403625272779635, 2.8125768517542156, 47.867256192415425, 10.867256192415425, 13.320746172816598, 0.5986506459839802, 4.084955446874176, 1.4904861595883574, 0.46889972065332586, 0.8221808056474913, 0.6860782545094537, 0.4113525853865099, 7.876332102188201, 3.4516160083375667, 3.796291910657459, 1.245885120638377, 23.25990160722978, 66.00809937280633, 0.46523988141530026, 0.7154349744298543, 4.491122325831697, 1.2748389790317844, 170.64602255212554, 174.02991355199686, 12.326649830650865, 3.713869769409456, 0.13000830332055102, 2.573428697695448, 2.0425912311578998, 9.536048690348423, 6.052441710578705, 165.59049406893757, 0.367265262473893, 4.9355841031230625, 7.726859668619085, 4.32299462013853, 100.0635763894639, 1.2506689626049763, 11.56621846465083, 12.61302122395631, 4.613021223956309]",10.54865109999082,"[ 0  0  2  0  1  0  2  1  4  1  3  6  1  0  8  8  1  1  2  0  0  1  0  1
  1  1  0  1  1  1  0  0  2  0  7 11  2  1  0  0  0  1  1  2  0  0  1  0
 12  0  1  0  0]"
2,True,,25,mae,20.63848232801151,"[15.125139347807618, 2.125139347807618, 0.353513673911408, 0.46668638051218636, 68.04194917181667, 43.35719349884832, 10.272115613189584, 1.3699889837825765, 120.63285253673104, 104.98562109997206, 2.847963558584638, 2.956736376720386, 1.2895588326026939, 45.724546958297935, 59.218792754962294, 1.3694514134845974, 6.515177739124681, 1.187330531927529, 26.746873402159423, 83.44469376030293, 163.24484884772767, 5.502459823288461, 2.433060819618504, 79.27196847917013, 26.791995563868454, 9.804083138560742, 1.7925726410899756, 1.9524556482724051, 2.8180990539304105, 2.080081038475612, 2.395909836484293, 3.255942917920038, 4.559961234776608, 2.079503955520636, 0.24573912065130799, 1.8943055872005345, 3.4362578779027615, 4.411859913228369, 0.34972226646041804, 1.6925157206632946, 2.549027380746452, 1.1798214362832766, 1.9581874761313998, 2.3389084977894186, 2.6610915022105814]",6.335096163995331,"[ 0  0  0  0  4  2  1  1  7  5  3  1  0 10  8  1  0  0  7  9  1  2  0  8
  7  1  0  1  0  0  0  0  1  0  0  1  0  1  0  0  0  0  0  0  0]"
3,True,,25,mae,40.89617722955433,"[1.4135693639781266, 18.072003893982384, 9.702226751565291, 0.16116359312795225, 1.0702946533591273, 3.0668078471061335, 2.2464203139525694, 1.851061854919351, 1.0879347688005225, 3.006465489216339, 0.6764422311026976, 1.9925821681234197, 1.3501908587394098, 1.0382686877136962, 0.43183332540303354, 5.136915099308197, 4.562786482483318, 27.716733310110044, 1.2613448146714745, 22.47334221054672, 3.212566416469656, 2.7043303687927676, 2.2134768088133967, 1.9744720337055242, 1.7397185748605466, 4.282934727572041, 1.0609117487520336, 0.8431538939299799, 0.6296854611736649, 0.2157504529587584, 3.015367521272225, 0.18055955650632427, 2.441186267987945, 2.2589882581835923, 2.081503608434616, 1.7409822955684717, 1.4202773186923423, 1.8798983579417552, 0.9779495984136304, 0.8412208903399119, 0.5844499329460291, 0.5844499329460291, 0.3506513685159689, 0.2426493980316593, 5.140735887566478, 5.045032548991372, 0.12723970516103122, 7.796452385509838, 4.726877070064319, 3.391509227555389, 23.60849077244461, 76.51878092508235, 63.48507021468686, 27.54099161649279, 36.44076758005991, 26.4284708538261, 55.42847085382607, 156.44969609177073, 144.5266126859026, 108.50608557930599, 79.59942329878885, 99.33945201401002, 156.73165123825595, 24.186996741883547, 39.99240510546639, 7.992405105466389, 7.75326631040312, 2.6161796798870114, 93.53304648737071, 175.13060984779125, 145.94271806501962, 166.2588621742711, 174.4745565252341, 33.049933732324774, 32.789192142620806, 8.51248538294638, 60.90917951244043, 23.581556165331847, 52.23592337788823, 43.87175358526483, 62.085694793086034, 114.33723363857436, 93.78076679783135, 97.26847021834536, 60.23961531612156, 48.32296593636164, 110.49743721233082, 111.1190684642958, 47.56951758640474, 172.11953153552764, 82.43901065969425, 52.688642121312284, 19.135847008551224, 156.88392106093022, 29.58183413773611, 111.93450129383035, 175.33321924777874, 173.38569934253962, 124.84365360249096, 46.642689949562794, 35.408396931207335, 38.29729123027906, 27.770918746986865, 36.717681329960044, 25.146959961130392, 24.045120633320266, 74.37270878519061, 34.93561490655034, 55.967291183028976, 33.824047538956876, 59.219935238438325, 0.010031983525493615, 3.427077049928414, 3.3534057254532854]",8.98414082499221,"[ 4 13 16  1  0  1  1  0  0  0  0  0  0  0  0  0  0  1  1  1  1  0  1  0
  0  0  0  1  0  0  0  1  0  0  1  0  0  0  1  0  1  1  0  0  0  0  0  1
  0  2  2  7 30 29 43 41 41 45 46 53 51 50 49 52 50 50 48 48 47 45 44 43
 42 61 60 59 57 56 60 59 57 56 59 55 57 57 57 54 47 49 45 46 43 37 36 34
 33 30 31 30 29 24 22 20 20 20  9 16 14 13 13  0  0  0]"
